Number of Compartments,Recommended Uses For Product,Liquid Volume,Flash Memory Installed Size,Door Material Type,Bearing Type,Assembly required,Annual Energy Consumption,Vehicle Service Type,Maximum Focal Length,Sham Quantity,Color,Customer Reviews,Real Angle of View,Opacity,Memory Slots Available,ASIN,Maximum Webcam Image Resolution,Manufacturer,Digital Zoom,Hardware Platform,National Stock Number,Number of Handles,Is Stain Resistant,Model Info,Shelves,Camera Flash,Metering Description,Item model number,Product Care Instructions,Paint Type,Image Stabilization,Auto Focus Technology,Specific Uses For Product,Memory Storage Capacity,Finish,Care instructions,Refrigerator Fresh Food Capacity,Batteries Required?,Furniture base movement,Seating Capacity,GPS,Alarm Clock,Mirror Lighting Type,Thread Count,Battery Description,Material Type,Number of Cup Holders,Oil Capacity,Specification Met,Finish types,Warranty Description,Graphics Coprocessor,Upper Temperature Rating,Form Factor,Item Width,Compatible with Rod Size,Seasons,Exterior,Style,Spout Height,Rated,Temperature Control Type,Hard Drive,Best Sellers Rank,UPC,Thickness,Flash Memory Size,Shape,Special features,Model Name,OEM Part Number,Screen Resolution,Aspect Ratio,Maximum Aperture,Exposure Control Type,Fixture Type,Defrost,Desk design,Max Shutter Speed,Compatible Material,Microphone Form Factor,Furniture Finish,Supported Audio Format,Manufacturer Warranty,Arm Height,Maximum Storage Temperature,Usage,White balance settings,Warranty Type,Date First Available,Item Weight,Maximum Weight Recommendation,Compatible Devices,Product Dimensions,Display Type,Has Nonstick Coating,Wireless Communication Technology,Back Material Type,Material Feature,Watch Movement,Tilting,Power Source,Item Package Quantity,Wireless Type,Weight Limit,Self Timer Duration,Wattage,Department,Computer Memory Type,Back Style,Shooting Modes,Installation Type,Number of Shelves,Paper Weight,Number of Processors,Seat Depth,Photo Sensor Size,Lens Type,Top Style,Removable Memory,Handle Material,Suggested Users,Coating Description,Surface Recommendation,Unit Count,Max Screen Resolution,Size,Item Dimensions  LxWxH,Light fixture form,Rechargeable Battery Included,Operating System,Release date,Base Type,Drawer Type,Terminal,Photo Sensor Technology,Video Input Format,Mounting Type,Operation Mode,Blade Material,Other display features,Plug Format,Number of shelves,Battery Cell Composition,Door Hinges,Country of Origin,Lighting Method,Model Number,Package Weight,Is Customizable,Is Foldable,Manufacturer recommended age,Amperage,Freezer Capacity,Type of Bulb,Battery Weight,Focus Type,Seat Back Interior Height,Warranty,Weight,Skill Level,Assembled Diameter,Display Resolution Maximum,Viewfinder Type,Capacity,Sheet Size,Number of Batteries,Processor,Model Year,Maximum Flow Rate,Minimum Focal Length,Number of Items,Is Dishwasher Safe,Hardware Interface,Manufacturer Part Number,Closure Type,Standing screen display size,Frame Material,Number of Light Sources,Batteries,Voltage,Are Batteries Included,Bearing Number,Effective Still Resolution,Number Of Pieces,Backlight,Noise,Optical Zoom,Measurement System,Flash Modes Description,Rear Webcam Resolution,JPEG quality level,Seat Height,Fabric Type,Opening Mechanism,Arm Style,Type,Shade Material,Type of item,Minimum Aperture,Assembly Instructions,Paper Finish,Chamber Height,Average Battery Life (in hours),Is Discontinued By Manufacturer,Adjustable Length,Tabletop Thickness,Whats in the box,Item Package Dimensions L x W x H,Control Method,International Protection Rating,Number Of Panels,Connectivity Protocol,Included Components,Zoom Type,Leg Style,Base Material,Package Information,Table design,Safety Warning,Sheet Count,Model,Language,Pattern,Special Features,Tensile Strength,Door Style,Number of pieces,Theme,Video Standard,Batteries required,Color Name,Auto Part Position,Room Type,Fill Material,Number Of Holes,Display Fixture Type,Compatible Lubricant,Number of Pieces,Position,Cartoon Character,Shelf Type,Package Dimensions,Occasion,product_title,Item Thickness,Item Dimensions LxWxH,Air Flow Capacity,Maximum number of compatible seats,Cutting Diameter,Min Shutter Speed,Top Material Type,Assembly Required,Age Range (Description),Finish Type,Video Capture Resolution,Product Grade,Screen Size,Brightness,Maximum recommended load,RAM,Import,Controller Type,Material,Part Number,Safety Rating,Continuous Shooting Speed,Connectivity Technology,Brand,Control Type,Flash Memory Type,Item Display Dimensions,Hanging Method,Curtain Form,Specific instructions for use,Water Resistance Level,Special Feature,Series,Upholstery Fabric Type,Sport Type,Compatible Mountings,Battery Cell Type,Indoor/Outdoor Usage,Supported Image Format,Tab Position,Is Oven Safe,Batteries Included?,Processor Brand,Certification,Handle Type,Max Input Sheet Capacity,Light Sensitivity,Target Gender,Brand Name,Digital Scene Transition
,,,,,,No,,,,,Fruitwood,"4.6 out of 5 stars        6,543    4.6 out of 5 stars",,,,B00OYJCM0O,,,,,,,No,,,,,,,,,,,,,,,,,4,,,,,,,,,,,,,,,32 inches,,,,Traditional,,,,,,,,,Square,,STAKMORE,,,,,,,,,,,,,,,,,,,5-YEAR LIMITED WARRANTY,,28.8 Pounds,,,"32""D x 32""W x 32""H",,,,,,,,,,,,,,,,,,,,,,,,,,,,,,,1.0 Count,,32 in x 32 in x 29.5 in (D x W x H),,,,,,Leg Glides,,,,,,,,,,1,,,,,0056.00841,,,Yes,,,,,,,,,,,,,,,,,,,,,1,,,,,,Wood,,,,,,,,,,,,,,,,,,,,,,,Already Assembled,,,,,,0.75 Inches,,,,,,,Assembly Guide,,,"Rubberwood,Solid Wood",,Dining Table,,,,,Table,,,,,,,,,,Kitchen,,,,,,,,,,,"Meco STAKMORE Straight Edge Folding Card Table Fruitwood Finish, 32 in x 32 in x 29.5 in (D x W x H)",,,,,,,"Rubberwood,Solid Wood",,,,,,,,150 Pounds,,,,,,,,,MECO,,,,,,Residential Use,,Storage,,,,,,Indoor,,,,,,,,,,Unisex,,
,,,,,,,,,,,,4.9 out of 5 stars        13    4.9 out of 5 stars,,,,B000C59UIQ,,MOOG Chassis Products,,,,,,,,,,8589B,,,,,,,,,,,,,,,,,,,,,,,,,,,,,,,,,,,,"#901,994 in Automotive (See Top 100 in Automotive)  #49 in Automotive Replacement King Pin Sets",,,,,,,,,,,,,,,,,,,,,,,,,,"December 2, 2005",5.2 pounds,,,9.13 x 3.38 x 2.25 inches,,,,,,,,,,,,,,,,,,,,,,,,,,,,,,,,,,,,,,,,,,,,,,,,,,,,Mexico,,,,,,,,,,,,,,,,,,,,,,,,,,,,,8589B,,,,,,,,,,,,,,,,,,,,,,,,,,,,,,No,,,,,,,,,,,,,,,,,,,,,,,,,,,,,,,,,,,,,,,,MOOG 8589B Steering King Pin Set for Ford F-350,,,,,,,,,,,,,,,,,,,,,,,,MOOG,,,,,,,,,,,,,,,,,,,,,,,,,,
,,,,,,No,,,,,,4.7  4.7 out of 5 stars        814 ratings    4.7 out of 5 stars,,,,B000C5C4QG,,Motorcraft,,,,,,,,,,YG346,,,,,,,,,,,,,,,,,,,,,,,,,,,,,,,,,,,,"#39,128 in Automotive (See Top 100 in Automotive)  #4 in Automotive Replacement Air Conditioning Orifice Tubes",,,,,,,,,,,,,,,,,,,,,,,,,,,0.16 ounces,,,0.75 x 3.75 x 1.75 inches,,,,,,,,,,,,,,,,,,,,,,,,,,,,,,,,,,,,,,,,,,,,,,,,,,,,China,,,,,,,,,,,,,,,,,,,,,,,,,,,,,,,,,,,,,,,,,,,,,,,,,,,,,,,,,,,No,,,,,,,,,Tube,,,,,,,,,,,,,,,,,No,,,,,,,,,,,,,,Motorcraft YG346 Fixed Orifice Tube,,,,,,,,,,,,,,,,,,,,,,,,,,,,,,,,,,,,,,,,,,,,,,,,,,
,,,,,,,,,,,black/silver,"4.6 out of 5 stars        3,550    4.6 out of 5 stars",,,,B00006JPF2,,Cobra,,,,,,,,,,25 LTD,,,,,,,,,,,,,,,,,,,,,,,,,,,,,,,,,,,,"#1,285 in Portable FRS Two-Way Radios",,,,,9 Foot Cord,,,,,,,,,,,,,,,,,,,,,"February 18, 2006",4.23 pounds,,,9 x 6.25 x 2.25 inches,,,,,,,,,,,,,,OUTDOOR PRODUCTS -> CB RADIOS & ACCESSORIES,,,,,,,,,,,,,,,,,,,,,,,,,,,,,,,,,Car Audio or Theater,,,,,,,,,,,,,,,,,,,,,,,,,,,,,,,,,,,,,,,,,,,,,,,,,,,,,,,,,,,,,,,,No,,,Cobra 25 LTD Mounting bracket Powercord Installation hardware Owner's manual,,,,,,,,,,,,,,,,,,,,,,,,,,,,,,,,,,,,,"Cobra 25LTD Professional CB Radio - Emergency Radio, Travel Essentials, Instant Channel 9, 4 Watt Output, Full 40 Channels, 9 Foot Cord, 4 Pin Connector",,,,,,,,,,,,,,,,,,,,,,,,,,,,,,,,,,,,,,,,,,,,,,,,,,
,,,,,,,,,,,Sand,"4.5  4.5 out of 5 stars        1,036 ratings    4.5 out of 5 stars",,,,B00BD27ZE8,,Classic Accessories,,,,,,,,,,58902,,,,,,,,,,,,,,,,,,,,,,,,,,,,,,,"Classic,Durable",,,,,"#130,233 in Patio, Lawn & Garden (See Top 100 in Patio, Lawn & Garden)  #77 in Patio Umbrella Covers",,,,,,,,,,,,,,,,,,,,,,,,,,,1 pounds,,,"23.5""D x 75""W x 75""H",,,,,,,,,,,,,,,,,,,,,,,,,,,,,,,,,,,,,,,,,,,,,,,,,,,,China,,,,,,,,,,,,,,,,,,,,,,,,,,1,,,,"Cord,Tie",,,,,,,,,,,,,,,,,,Polyester,,,,,,,,,,,No,,,,,,,,,,,,,,,,,,,Solid,,,,,,,,,,,,,,,,,,,,,"Classic Accessories 58902 Terrazzo Patio Umbrella Cover, 10', Sand",,,,,,,,,,,,,,,,,,,Polyester,,,,,Classic Accessories,,,,,,,Water Resistant,"Durable,Premium",,,,,,,,,,,,,,,,,,
,"Reading, Sleeping, Gaming",,,,,,,,,,White,"4.3  4.3 out of 5 stars        19,072 ratings    4.3 out of 5 stars",,,,B07BGY26VY,,BestOffice,,,,,,,,,,BestOffice Gaming Chair,Wipe Clean,,,,,,,,,,Swivel,,,,,,,,,,,,,,,,,,,,Modern,,,,,"#14,309 in Home & Kitchen (See Top 100 in Home & Kitchen)  #21 in Video Game Chairs",,,,Round,,Racing Style Ergonomic Rolling Swivel,,,,,,,,,,,,Black,,,27.5 Inches,,,,,"March 14, 2018",19 pounds,250 Pounds,,"20.9""D x 27.8""W x 53.5""H",,,,,,,,,,,,,,,,Solid Back,,,,,,20.9 inches,,,,,,,,Hard Floor,1.0 Count,,,,,,,,,,,,,,,,,,,,,China,,,,,,,,,,,,26.8 Inches,,,,,,,,,,,,,,,,,,,,,,,,,,,,,,,,,,,23.2 Inches,,,,,,,,,,,,No,,,,,,,,,"User Manual, Installation Tools",,,,,,,,,,Solid,,,,,,,,,,Game Recreation Room,,,,,,,,,,,"BestOffice Ergonomic Office, PC Gaming Chair Cheap Desk Chair Executive PU Leather Computer Chair Lumbar Support with Footrest Modern Task Rolling Swivel Chair for Women, Men(White)",,,,,,,,,Adult,Brushed,,,,,,,,,,,,,,BestOffice,,,,,,,,"Upholstered Leather, Adjustable Lumbar, Adjustable Height, Ergonomic, Swivel",,,,,,Indoor,,,,,,,,,,,,
,,,,,,,,,,,Space Gray,"4.5  4.5 out of 5 stars        2,341 ratings    4.5 out of 5 stars",,,,B07SNGYMXK,,,,Mac,,,,,,,,MUQW2LL/A,,,,,,,,,,,,,,,,,,,,,,,,A12,,,,,,,,,,,64 GB,#99 in Amazon Renewed (See Top 100 in Amazon Renewed)  #13 in Renewed Tablets  #21 in Renewed Computers & Accessories  #50 in Computer Tablets,,,64 GB,,,,,2048x1536,,,,,,,,,,,,,,,,,,"June 4, 2019",10.6 ounces,,,8.46 x 5.74 x 1.88 inches,,,,,,,,Corded Electric,,,,,,,,,,,,,,,,,,,,,,,,2048 x 1536,,8.46 x 5.74 x 1.88 inches,,,iOS,,,,,,,,,,,,,,,,,,,,,,,,,,,,,,,,,,,,,,,,,,,,,,7.9 Inches,,,1 Lithium Ion batteries required. (included),,,,,,,,,,,8 MP,,,,,,,,,,,,,6 Hours,,,,,,,,,,,,,,,,,,,,,,,,,,,,,,,,,,,,,,,,,"Apple iPad Mini, 5th Gen (Wi-Fi, 64GB) - Space Gray (Renewed)",,,,,,,,,,,,,,,,4 GB,,,,,,,,Apple,,,,,,,,,iPad Mini,,,,,,,,,,Hexa Core,,,,,,,
,,,,,,,,,,,Orange,4.3 out of 5 stars        501    4.3 out of 5 stars,,,,B0823BK9V3,,"Pacific Cycle, Inc.",,,,,,,,,,,,,,,,,,,,,,,,,,,,,,,,,Limited Warranty,,,,,,,,Vortax,,,,,"#26,855 in Sports & Outdoors (See Top 100 in Sports & Outdoors)  #39 in Kids' Bicycles",,,,,,B Pac Vortax Bike,,,,,,,,,,,,,,,,,,,,"November 27, 2019",24.75 Pounds,,,,,,,,,,,,,,,,,,,,,,,,,,,,,,,unisex-child,,,,,16-inch Wheels,,,,,,,,,,,,,,,,,,,,,,11.23 Kilograms,,,,,,,,,,,,,,,,,,,,2020,,,1,,,,,,,,,,,,,,,,,,,,,,,,,,,,,,,,,,,,,36.27 x 17.1 x 7.26 inches,,,,,Pacific Bike,,,,,,,,,,,,,,,,,,,,,,,,,,,,,,,Pacific B Pac Vortax Bike,,,,,,,,,,,,,,,,,,,Steel,164054P,,,,,,,,,,,,,,,,,,,,,,,,,,,,,Pacific,
,,,,,,,,,,,Brushed Nickel,4.3  4.3 out of 5 stars        143 ratings    4.3 out of 5 stars,,,,B09BRHB2L2,,Hunter,,,,,,,,,,90064z,,,,,Home,,"Brushed Nickel,Matte",,,No,,,,,,,,,,,ETL,,"5 year limited warranty (motor), 1 year limited warranty (parts).",,,,,,,,Modern,,,,,"#143,015 in Tools & Home Improvement (See Top 100 in Tools & Home Improvement)  #352 in Household Ventilation Fans",,,,Square,,Hunter,,,,,,Non Removable,,,,,,,,,,,,,,"August 3, 2021",12.6 pounds,,,"9.7""L x 8.9""W x 7.4""H",,,,,,,,AC Hardwired,1,,,,60 watts,,,,,,,,,,,,,,,,,,1.0 Count,,Medium,,Ceiling,,,,,,,,,Wall Mount,,,,A- US style,,,,,Downlight,,,,,,,,,,,,,,,,,,,,,,,,,1,,,,,,,15,,120 Volts,,,,,,,,,,,,,,,,,Glass,,,,,,,,,,,,Touch,,,,"Exhaust fan motor, housing, frame, light shade, installation hardware, owner's manual",,,,,,,,,,,,,,,,,,,,Bathroom,,,,,,,,,,,"Hunter 90064z Ellipse Decorative Bathroom Ventilation Exhaust Fan with Light and Night-Light, Matte Opal Glass, Brushed Nickel Finish, 100 CFM, Medium",,,100 Cubic Feet Per Minute,,,,,Yes,,"Brushed Nickel,Matte",,,,,,,,,"Glass, Metal",90064z,,,,Hunter,,,,,,,,,,,,,,Indoor,,,,,,,,,,,,
1,,,,,,,,,,,Black-1,4.2  4.2 out of 5 stars        119 ratings    4.2 out of 5 stars,,,,B09F8SK675,,Oneinclude,,,,,,,,,,USO-SQN01VB5K1BK,,,,,,,,,,No,,,,,,,,,,,,,,,,,,,,,Modern,,,,,"#763,605 in Home & Kitchen (See Top 100 in Home & Kitchen)  #983 in Laundry Hampers",,,,Rectangular,,,,,,,,,,,,,,,,,,,,,,"August 3, 2021",15.47 pounds,,,"18.11""L x 14.17""W x 65.75""H",,,,,,,,,,,,,,,,,,,,,,,,,,,,,,,,,,,,,,,,,,,,Floor Mount,,,,,,,,,,,,,,,,,,,,,,,,,,,45 Liters,,,,,,,,,,,,,,,,,,,,,,,,,,,,,,,,,,,,,,,,,,,,,,,,,Wheel,,,,Basket,,,,,,,"Portable, Hangable, Wheeled",,,,,,,,,"Kids Room, Laundry Room, Bathroom, Bedroom, Living Room",,,,,1,,,,,,Rolling Laundry Hamper Basket Cart with Wire Storage Rack and Hanging Rack Commercial Rolling Laundry Butler Black,,,,,,,,,Adults,,,,,,,,,,"Metal, Steel",USO-SQN01VB5K1BK,,,,Melody House,,,,,,,,"Portable, Hangable, Wheeled",,,,,,,,,,No,,,,,,,,
,,,,,,,,,,,,,,,,,,,,,,,,,,,,,,,,,,,,,,,,,,,,,,,,,,,,,,,,,,,,,,,,,,,,,,,,,,,,,,,,,,,,,,,,,,,,,,,,,,,,,,,,,,,,,,,,,,,,,,,,,,,,,,,,,,,,,,,,,,,,,,,,,,,,,,,,,,,,,,,,,,,,,,,,,,,,,,,,,,,,,,,,,,,,,,,,,,,,,,,,,,,,,,,,,,,,,,,,,,,,,,,,,,,,,,,,,,,,,,,,,,,,,"1908 Sears, Roebuck & Co. Catalogue",,,,,,,,,,,,,,,,,,,,,,,,,,,,,,,,,,,,,,,,,,,,,,,,,,
,,,,,,,,,,,,,,,,,,,,,,,,,,,,,,,,,,,,,,,,,,,,,,,,,,,,,,,,,,,,,,,,,,,,,,,,,,,,,,,,,,,,,,,,,,,,,,,,,,,,,,,,,,,,,,,,,,,,,,,,,,,,,,,,,,,,,,,,,,,,,,,,,,,,,,,,,,,,,,,,,,,,,,,,,,,,,,,,,,,,,,,,,,,,,,,,,,,,,,,,,,,,,,,,,,,,,,,,,,,,,,,,,,,,,,,,,,,,,,,,,,,,,Make: Electronics: Learning Through Discovery,,,,,,,,,,,,,,,,,,,,,,,,,,,,,,,,,,,,,,,,,,,,,,,,,,
,,,,,,,,,,,,,,,,,,,,,,,,,,,,,,,,,,,,,,,,,,,,,,,,,,,,,,,,,,,,,,,,,,,,,,,,,,,,,,,,,,,,,,,,,,,,,,,,,,,,,,,,,,,,,,,,,,,,,,,,,,,,,,,,,,,,,,,,,,,,,,,,,,,,,,,,,,,,,,,,,,,,,,,,,,,,,,,,,,,,,,,,,,,,,,,,,,,,,,,,,,,,,,,,,,,,,,,,,,,,,,,,,,,,,,,,,,,,,,,,,,,,,My Life,,,,,,,,,,,,,,,,,,,,,,,,,,,,,,,,,,,,,,,,,,,,,,,,,,
,,,,,,,,,,,Black,"4.4 out of 5 stars        14,322    4.4 out of 5 stars",,,,B00005A3L1,,Bounty Hunter,,,,,,,,,,TK4,,,,,,,,,,Yes,,,,,,,,,,,,,,,,,,,,,,,,,,"#3,551 in Patio, Lawn & Garden (See Top 100 in Patio, Lawn & Garden)  #6 in Metal Detectors",,,,,,,,,,,,,,,,,,,,,,,,,,,2.8 pounds,,,"10""L x 6.25""W x 28.25""H",,,,,,,,Battery Powered,,,,,,mens,,,,,,,,,,,,,,,,,,,,,,,,,,,,,,,,,,,,,,USA,,,,,,,,,,,,,,,,,,,,,,,,,,,,,,,,,,2 9V batteries required.,,,,,,,,,,,,,,,,,,,,,,,,,No,Yes,,,,,IP54,,,,,,,,,,,,,,,,,,,,,,,,,,,,,,,,,,Bounty Hunter TK4 Tracker IV Metal Detector with 8-inch Waterproof Coil,,,,,,,,,,,,,,,,,,,Metal,,,,,Bounty Hunter,,,,,,,,,,,,,,,,,,,,,,,,,,
,Kitchen,,,,,No,,,,,Stainless Steel,"4.7  4.7 out of 5 stars        13,316 ratings    4.7 out of 5 stars",,,,B0000E2OAT,,simplehuman,,,,,,,,,,CW1816,,,,,,,,,,,,,,,,,,,,,,Brushed,10 year,,,,,,,,,,,,,"#6,432 in Home & Kitchen (See Top 100 in Home & Kitchen)  #30 in Kitchen Waste Bins",,,,Rectangular,,,,,,,,,,,,,,,,,,,,,,,16.53 pounds,,,"19.8""L x 12.8""W x 25.7""H",,,,,,,,,,,,,,,,,,,,,,,,,,,,,,,,,,,,,,,,,,,,,,,,,,,,Taiwan,,,,,,,,,,,,,,,,,,,50 Liters,,,,,,,,,,,,,,,,,,,,,,,,,,,,,,Step-On,,,,,,,,,,No,,,,,,,,,trash can,,,,,,,,,,,,,,1,,,No,,,Kitchen,,,,,,,,,,,"Simplehuman 50 Liter / 13.0 Gallon Rectangular Kitchen Step Trash Can, Brushed Stainless Steel",,,,,,,,,,Brushed,,,,,,,,,Stainless Steel,,,,,simplehuman,,,,,,,,"Removable Bucket, Quiet Close, Wheeled, Smudge Resistant",,,,,,,,,,,,,,,,,,
,,,,,,,,,,,Black,4.7  4.7 out of 5 stars        703 ratings    4.7 out of 5 stars,,,,B0001DJVFQ,,LODGE,,,,,,,,,,P12S3,,,,,,,,,,,,,,,,,,,,,,,,,,,,,,,,,,,,"#67,172 in Kitchen & Dining (See Top 100 in Kitchen & Dining)  #531 in Skillets",,,,,,P12S3,,,,,,,,,,,,,,,,,,,,"October 2, 2001",7.5 pounds,,Smooth Surface Induction,12.5 x 10.75 x 2.75 inches,,Yes,,,,,,,,,,,,,,,,,,,,,,,,,,,,,,,,,,,,,,,,,,,,,,,,,,USA,,,,,,,,,,,,,,,,,,,8 Pounds,,,,,,,,No,,,,,,,,,,,,,,,,,,,,,,,,,,,,,,,,No,,,,,,,,,,,,,,,,,,,,,,,,,,,,,,,,,,,,,,,,"Lodge BOLD 12 Inch Seasoned Cast Iron Skillet, Design-Forward Cookware,Black",,,,,,,,,,,,,,,,,,,Cast Iron,,,,,Lodge,,,,,,,,"Oven Safe, Induction Stovetop Compatible",,,,,,,,,Yes,,,,,,,,,
,,,,,,,,,,,Regular,"4.7 out of 5 stars        10,735    4.7 out of 5 stars",,,,B0002RNSKK,,Hopkins Manufacturing,,,,,,,,,,,,,,,,,,,,,,,,,,,,,,,,,Warranty,,,,,,,,,,,,,#925 in Automotive (See Top 100 in Automotive)  #2 in Towing Hitch Wiring,,,,,,Hopkins 47345 4 Wire Flat Adapter,,,,,,,,,,,,,,,,,,,,"February 17, 2007",0.2 Pounds,,,,,,,,,,,,,,,,,,,,,,,,,,,,,,,unisex-adult,,,,,No Size,6.88 x 2.88 x 1.75 inches,,,,,,,,,,,,,,,,,,,,,0.1 Kilograms,,,,,,,,,,,,,,,,,,,,,,,1,,,,,,,,,,,,,,,,,,,,,,,,,,,,,,,,,,,,,6.06 x 2.6 x 1.81 inches,,,,,Hopkins 47345 4 Wire Flat Adapter,,,,,,,,,,,,,,,,,,,,,,,,,,,,,,,Hopkins 47345 4 Wire Flat Adapter,,,,,,,,,,,,,,,,,,,Plastic,47345,,,,,,,,,,,,,,,,,,,,,,,,,,,,,Hopkins Towing Solutions,
,,,,,,,,,,,,"4.7  4.7 out of 5 stars        8,116 ratings    4.7 out of 5 stars",,,,B0006IX7Y2,,Camco,,,,,,,,,,43041,,,,,,,,,,,,,,,,,,,,,,,,,,,,,,,,,,,,"#132,614 in Automotive (See Top 100 in Automotive)  #143 in RV Sewer Hose Carriers & Fittings",,,,,,,43041,,,,,,,,,,,,,,,,,,,"July 1, 2004",5.2 pounds,,,8.45 x 7.65 x 8.4 inches,,,,,,,,,,,,,,,,,,,,,,,,,,,,,,,,,,,,,,,,,,,,,,,,,,,,,,,,,,,,,,,,,,,,,,,,,,,,,,,,,43041,,,,,1 Unknown batteries required.,,,,,,,,,,,,,,,,,,,,,,,,,No,,,,,,,,,,,,,,,,,43041,,,,,,,,,,,,,,,,,,,,,,,Camco Sidewinder 15-Ft Camper / RV Sewer Hose Support | Telescoping Design Flexes Around Obstacles & Deep Cradles Hold Sewer Hose | Out-of-the-Box Ready & Folds for RV Storage and Organization (43041),,,,,,,,,,,,,,,,,,,,,,,,Camco,,,,,,,,,,,,,,,,,,,,,,,,,,
,,,,,,,,,,,Silver,"4.6  4.6 out of 5 stars        1,467 ratings    4.6 out of 5 stars",,,,B0009JXYNM,,Bayou Classic,,,,,,,,,,1201,,,,,,,,,,,,,,,,,,,,9.5 Liters,,,,,,,,,,,,,,,,"#68,845 in Patio, Lawn & Garden (See Top 100 in Patio, Lawn & Garden)  #24 in Outdoor Fryer Accessories",,,,,,Bayou Classic® 10-qt Aluminum Fry Pot,,,,,,,,,,,,,,,,,,,,,2 pounds,,,"12""D x 12""W x 4.75""H",,,,,,,,,,,,,3,,,,,,,,,,,,,,,,,,,,,,,,,,,,,,,,,,,,,,,,,,,,,,,,,,,,,,,,,,,,,,,,,,,,,,,,,,,,,,,,,,,,,,,,,,,,,,,,,,No,,,,,,,,,,,,,,,,,,,,,,,,,,,,,,,,,,,,,,,,Bayou Classic 1201 10-qt Aluminum Fry Pot Features Perforated Aluminum Basket Heavy Duty Riveted Handles Perfect For Deep Frying French Fries Hush Puppies Fish & Chicken,,,,,,,,,,,,,,,,,,,Aluminum,,,,,Bayou Classic,,,,,,,,,,,,,,,,,,,,,,,,,,
,,,,,,,,,,,Black,4.5  4.5 out of 5 stars        906 ratings    4.5 out of 5 stars,,,,B0009K9MQE,,Shining Image,,,,,,,,,,ZHFBA-CC106,,,,,,,,,,,,,,Yes,,,,,,,,,,,,,,,,,Classic,,,,,"#822,906 in Home & Kitchen (See Top 100 in Home & Kitchen)  #54 in Cuckoo Clocks",,,,House,,,,,,,,,,,,,,,,,,,,,,"May 2, 2005",9.33 pounds,,,"7.17""W x 25.16""H",Analog,,,,,Automatic,,Battery Powered,,,,,,,,,,,,,,,,,,,,,,,,,,,,,,,,,,,,Wall Mount,Hand,,,,,,,,,,,,,,,,,,,,,,,,,,,,,,,,,1,,,,,,Wood,,,,No,,,,,,,,,,,,,,,,,,,,,,,No,,,,,,,,,,,,,,,,,,,,,,,,"Music,Forest",,,,,,,,,,,,,,,,Kendal Vivid Large Deer Handcrafted Wood Cuckoo Clock with 4 Dancers Dancing with Music,,,,,,,,,,,,,,,,,,,Wood,,,,,Kendal,,,,,,,,Adjustable Volume,,,,,,Indoor,,,,,,,,,,,,
,interior wood surfaces,1 Quarts,,,,,,,,,1/2 Pint,"4.6  4.6 out of 5 stars        25,039 ratings    4.6 out of 5 stars",,,,B000BZZ3S8,,Minwax,,,,,,,,,,255554444,,Water Based,,,,,"gloss, semi-gloss, satin, matte, ultra flat",,,No,,,,,,,,,,,,,Warranty,,,,,,,,Gloss,,,,,#556 in Tools & Home Improvement (See Top 100 in Tools & Home Improvement)  #6 in Household Stains,,,,,,Polycrylic,,,,,,,,,,Wood,,,,,,,,,,"May 15, 2006",10.8 ounces,,,2.8 x 2.8 x 2.9 inches,,,,,,,,,1,,,,,,,,,,,,,,,,,,,,Water-based,"woodwork, furniture, cabinets, doors, not recommended for floors",,,8 Fl Oz (Pack of 1),,,,,,,,,,,,,,,,,,,China,,,,,,,,,,,,,,,,,,,,,,,,,,,,,,,,,,,,,,,1,,,,,,,,,,,,,,,,,,,,No,,,,,,,,,"Minwax 255554444 Polycrylic Protective Wood Finish, Clear Gloss, ½ Pint",,,,,,,,,,Polycrylic Protective,,,,,,,,,,,,,,,,,,,,,1/2 pt Minwax 25555 Clear Polycrylic Water-Based Protective Finish Gloss,,2.8 x 2.8 x 2.9 inches,,,,,,,,"gloss, semi-gloss, satin, matte, ultra flat",,,,,,,,,Water Based,255554444,,,,Minwax,,,,,,,,,,,,,,,,,,No,,,,,,,,
,,,,,,,,,,,,"4.7 out of 5 stars        3,064    4.7 out of 5 stars",,,,B000C9RUDY,,ACDelco,,,,,,,,,,45G0002,,,,,,,,,,,,,,,,,,,,,,,,,,,,,,Chrome,,,,,,"#37,634 in Automotive (See Top 100 in Automotive)  #24 in Automotive Replacement Sway Bar Link Kits",,,,,,,88912151,,,,,,,,,,,,,,,,,,,"October 10, 2007",1.3 pounds,,,9.2 x 3.5 x 2.7 inches,,,,,,,,,,,,,,,,,,,,,,,,,,,,,,,,,,,,,,,,,,,,,,,,,,,,USA,,,,,,,,,,,,,,,,,,,,,,,,,,,,,45G0002,,,,,,,,,,,,,,,,,,,,,,,,,,,,,,,,,,,,,,,,,,,,,,,88912151,,,,,,,,,,,,,,,,,,Front,,,,,ACDelco Professional 45G0002 Front Suspension Stabilizer Bar Link Kit with Hardware,,,,,,,,,,,,,,,,,,,,,,,,ACDelco,,,,,,,,,,,,,,,,,,,,,,,,,,
,,,,,,,,All-Terrain-Vehicles,,,,"4.8 out of 5 stars        2,405    4.8 out of 5 stars",,,,B000C9WLA6,,Wix,,,2940-01-154-5127,,,,,,,51348,,,,,,,,,,,,,,,,,,,,,,,,,,,,,,Painted,,,,,,"#1,676 in Automotive (See Top 100 in Automotive)  #22 in Automotive Replacement Oil Filters",,,,,,,"ALFA ROMEO%60507080, BMW%11421278059, FIAT%4434792, FIAT%46805828",,,,,,,,,,,,,,,,,,,"November 11, 2005",8 ounces,,,20.68 x 13.78 x 7.35 inches,,,,,,,,,,,,,,,,,,,,,,,,,,,,,,,,,,,,,,,,,,,,,,,,,,,,China,,,,,,,,,,,,,,,,,,,,,,,,,,,,,51348,,,,,,,,,,,,,,,,,,,,,,,,,,,,,,No,,,,,,,,,,,,,,,,,Spin-On Lube Filter,,,,,,,,,,,,,,,,,,,,,,,WIX Racing Filters Spin-On Lube Filter,,20.68 x 13.78 x 7.35 inches,,,,,,,,,,Performance Part,,,,,,,Paper,,,,,Wix,,,,,,,,,,,,,,,,,,,,,,,,,,
,,,,,,,,,,,,4.5 out of 5 stars        678    4.5 out of 5 stars,,,,B000CGB3B2,,Dayco,,,,,,,,,,5060840,,,,,,,,,,,,,,,,,,,,,,,,,,,,,,Painted,,,,,,"#61,851 in Automotive (See Top 100 in Automotive)  #77 in Automotive Replacement Serpentine Belts",,,,,,,5060840,,,,,,,,,,,,,,,,,,,"September 20, 2007",6.9 ounces,,,2.3 x 0.9 x 0.5 inches,,,,,,,,,,,,,,,,,,,,,,,,,,,,,,,,,,,,,,,,,,,,,,,,,,,,USA,,,,,,,,,,,,,,,,,,,,,,,,,,,,,5060840,,,,,,,,,,,,,,,,,,,,,,,,,,,,,,No,,,,,,,,,,,,,,,,,Wagner ThermoQuiet QC785 Ceramic Disc Pad Set With Installation Hardware,,,,,,,,,,,,,,,,,,,,,,,"Dayco 5060840 Serpentine 6-Rib Belt with Overall Length of 84 Inches , Black",,,,,,,,,,,,,,,,,,,,,,,,Dayco,,,,,,,,,,,,,,,,,,,,,,,,,,
,,,,,,,,,,,,4.2  4.2 out of 5 stars        31 ratings    4.2 out of 5 stars,,,,B000CICHMY,,A1 Cardone,,,,,,,,,,54-74705,,,,,,,,,,,,,,,,,,,,,,,,,,,,,,,,,,,,"#733,460 in Automotive (See Top 100 in Automotive)  #446 in Automotive Replacement Power Brake Systems  #576 in Renewed Automotive",,,,,,,"2L1Z2005CB, 5L1Z2005AA, 2L1Z2005CB, 5L1Z2005AA",,,,,,,,,,,,,,,,,,,"October 10, 2007",13.3 pounds,,,19 x 12.13 x 12.13 inches,,,,,,,,,,,,,,,,,,,,,,,,,,,,,,,,,,,,,,,,,,,,,,,,,,,,USA,,,,,,,,,,,,,,,,,,,,,,,,,,,,,54-74705,,,,,,,,,,,,,,,,,,,,,,,,,,,,,,,,,,,,,,,,,,,,,,,,,,,,,,,,,,,,,,,,,,,,,,Cardone 54-74705 Remanufactured Vacuum Power Brake Booster without Master Cylinder (Renewed),,,,,,,,,,,,,,,,,,,,,,,,Cardone,,,,,,,,,,,,,,,,,,,,,,,,,,
,Indoor,,,,,,,,,,Black,"4.8  4.8 out of 5 stars        18,951 ratings    4.8 out of 5 stars",,,,B000CSS8UE,,Gorilla,,,5640-01-607-2705,,,,,,,6035180,,,,,,,,,,No,,,,,,,,,,,,,none--not applicable,,,,,,,,1 Pack,,,,,#514 in Industrial & Scientific (See Top 100 in Industrial & Scientific)  #12 in Duct Tape,,,,,,,,,,,,,,,,"Wood, Stone",,,,,,,personal,,,"July 7, 2004",1.58 pounds,,,,,,,,,,,,1,,,,,,,,,,,,,,,,,,,,,Stone,,,1 Pack,,,,,,,,,,,,,,,,,,,,,,,,,,,,,,,,,,,5.88 Inches,,,,,,,,,,1,,,,,,,,,,,,,1,,,,,,,,,,,,,,,,,,,,No,,,,,,,,,Duct Tape,,,,,,,,,,,Strong,30 PSI,,,,,,,,,,,,,,,,,,,"Gorilla Black Duct Tape, 1.88"" x 35 yd, Black, (Pack of 1)",17 Mils,,,,5.88 Inches,,,,,,,,,,,,,,Rubber,TV205982,,,,Gorilla,,,,,,,Waterproof,Strong,,,,,,,,,,No,,,,,,,,
,,,,,,,,,,,,,,,,,,,,,,,,,,,,,,,,,,,,,,,,,,,,,,,,,,,,,,,,,,,,,,,,,,,,,,,,,,,,,,,,,,,,,,,,,,,,,,,,,,,,,,,,,,,,,,,,,,,,,,,,,,,,,,,,,,,,,,,,,,,,,,,,,,,,,,,,,,,,,,,,,,,,,,,,,,,,,,,,,,,,,,,,,,,,,,,,,,,,,,,,,,,,,,,,,,,,,,,,,,,,,,,,,,,,,,,,,,,,,,,,,,,,,Sperry Men's Authentic Original 2-Eye Boat Shoe,,,,,,,,,,,,,,,,,,,,,,,,,,,,,,,,,,,,,,,,,,,,,,,,,,
,Relaxing,,,,,,,,,,Chaise,"4.6  4.6 out of 5 stars        8,205 ratings    4.6 out of 5 stars",,,,B000F9O85E,,Spin Master,,,,,,,,,,6058739,Hand Wash,,,,,,,,,,Glide,,,,,,,,1,,,,,,,,,,,,Modern,,,,,"#17,644 in Toys & Games (See Top 100 in Toys & Games)  #109 in Pool Rafts & Inflatable Ride-ons",,,,Oval,,SwimWays,,,,,,,,,,,,,,,,,,,,,2.38 pounds,,,"16""D x 36""W x 58""H",,,,,,,No,,,,,,,unisex-adult,,Solid Back,,,,,,3.94 inches,,,,,,,,Hard Floor,1.0 Count,,"2 x 20 x 21""",,,,,"December 1, 2023",,,,,,,,,,,,,,,,,,No,Yes,15 - 17 years,,,,,,,,,,,,,,,,,,,,,,,,,,,,,,,,,,,,,,,,,,,,,,,,,,,,,No,,,,,,,,,Toy,,,,,,,,,,Chair,,,,,Other,,,,,,,,,,,,"Kelsyus Premium Floating Lounger with Fast Inflation, Inflatable Recliner Chair, Lake & Pool Float for Adults with Cup Holder",,,,"Kelsyus Spring Float Pool Lounger Chair, Light Blue",,,,,,,,,15-99,,,,,,,,,,,,,,,Kelsyus,,,,,,,,Other,,,,,,Indoor,,,,,,,,,,,,
,,,,,,,,,,,,"4.6 out of 5 stars        2,478    4.6 out of 5 stars",,,,B000FJU56K,,GrillPro,,,,,,,,,,39470,,,,,,,,,,,,,,,,,,,,,,,,,,,,,,,,,,,,"#120,923 in Patio, Lawn & Garden (See Top 100 in Patio, Lawn & Garden)  #181 in Charcoal Starters",,,,,,,,,,,,,,,,,,,,,,,,,,,0.01 ounces,,,6.5 x 11 x 10.6 inches,,,,,,,,,,,,,,Unisex Adult,,,,,,,,,,,,,,,,,,,,,,,,,,,,,,,,,,,,,,USA,,,,,,,,,,,,,,,,,,,,,,,,,,,,,,,,,,,,,,,,,,,,,,,,,,,,,,,,,,,No,,,,,,,,,,,,,,,,,,,,,,,,,,,,,,,,,,,,,,,,"GrillPro 39470 Chimney Charcoal Starter, Silver",,,,,,,,,,,,,,,,,,,,,,,,,,,,,,,,,,,,,,,,,,,,,,,,,,
,,,,,,,,,,,,"4.5  4.5 out of 5 stars        1,920 ratings    4.5 out of 5 stars",,,,B000MX2ORM,,Yuasa,,,,,,,,,,YUAM620BH,,,,,,,,,,,,,,,,,,,,,,,,,,,,,,Plastic,,,,,,"#15,415 in Automotive (See Top 100 in Automotive)  #59 in Powersports Batteries",,,,,,,4010466,,,,,,,,,,,,,,,,,,,"February 1, 2007",13.86 pounds,,,"6.89""D x 3.43""W x 6.1""H",,,,,,,,,,,,,,,,,,,,,,,,,,,,,,,,,One Size,,,,,,,,F1 Terminal,,,,,,,,,,,,,,,,,,18 Amps,,,,,,,,,,,,,,,,,,,,,,YTX20HL-BS(CP),,,,,,,,,,,,,,,,,,,,,,,,,,,,,,No,,,,,,,,,,,,,,,,,YUAM620BH,,,,,,,,,,,,,,,,,,,,,,,Yuasa YUAM620BH YTX20HL-BS Maintenance Free H Series AGM Battery with Acid pack,,,,,,,,,,,,,,,,,,,,,other,,,Yuasa,,,,,,,,,,,,,,,,,,,,,,,,,,
,,,,,,,,,,,Satin Nickel,4.5  4.5 out of 5 stars        676 ratings    4.5 out of 5 stars,,,,B000NDZ234,,M-D Building Products,,,,,,,,,,49010,,,,,,,satin,,,No,,,,,,,,,,,,,"All M-D products are warranted to be free from defects in material and workmanship if installed and used in strict accordance with our installation instructions. Our liability is limited to our sale price of any products proved to be defective or, at our option, to the replacement of such products upon their return to us.",,,,,,,,,,,,,"#62,823 in Tools & Home Improvement (See Top 100 in Tools & Home Improvement)  #69 in Thresholds",,0.13 Inches,,,,,,,,,,,,,,,,,,,,,,,,"May 3, 2006",4.8 ounces,,,36 x 1.75 x 0.13 inches,,,,,,,,,1,,,,,,,,,,,,,,,,,,,,,,,,"36.25"" L x 2.61"" W x 1.75"" H",,,,,,,,,,,,,,,,,,,China,,,,,,,,,,,,,,,,,,,,,,,,,,,,,,,,,,,,,,,,,,,,,,,,,,,,,,,,,,,No,,,,,,,,,"Hardware;Door, Gate & Window Hardware;door-thresholds",,,,,,,,,,,,,,,,,,,,,,,,,,,,,,,M-D Building Products 49010 1-3/4 in. x 1/8 in. x 36 in. Satin Nickel Aluminum Flat Profile Threshold for Interior Doorways,,,,,,,,,,,,,,,,,,,Aluminum,49010,,,,,,,,,,,,,,,,,,,,,,,,,,,,,,
,Indoor,,,,,,,,,,Black,"4.0  4.0 out of 5 stars        24,444 ratings    4.0 out of 5 stars",,Blackout,,B000SDROMG,,Redi Shade,,,,,,,,,,1617201,Spot Clean Only,,,,Window Covering,,Black,,,No,,,,,,,,,,,,,,,,,,,,,6 Pack,,,,,"#3,045 in Home & Kitchen (See Top 100 in Home & Kitchen)  #1 in Pleated Window Shades",,,,Rectangular,,,,,,,,,,,,,,,,,,,,,,"July 13, 2007",1.75 pounds,,Window,"72""L x 36""W",,,,,,,,,1,,,,,,,,,,,,,,,,,,,,,,,,36 in x 72 in 6 Count,,,,,,,,,,,Inside Mount,Cordless Lift,,,,,,,USA,,,,,,,,,,,,,,,,,,,,,,,,,,1,,,,Cordless,,,,,,,,,6,,,,,,,,,,,,,,,,,,,,No,,,,,,,6,,"6 Shades, 12 Clips, Installation Instructions",,,,,,,,,,Shade,No Tools Install,,,,,,,,,"Home Office, Nursery",,,,,,,,,,,"Redi Shade No Tools Original Blackout Pleated Paper Shade Black, 36 in x 72 in, 6 Pack",,,,,,,,,,,,,,,,,,,Paper,1617201,,,,Redi Shade,Bottom Up,,,,,,Not Water Resistant,No Tools Install,,,,,,,,,,No,,,,,,,,
,,,,,,,,,,,,"4.5 out of 5 stars        1,435    4.5 out of 5 stars",,,,B000YZ1R9O,,Dritz,,,,,,,,,,56616-25,,,,,,,,,,,,,,,,,,,,,,,,,,,,,,,,,,,,"#52,050 in Clothing, Shoes & Jewelry (See Top 100 in Clothing, Shoes & Jewelry)  #25 in Bra Extenders",,,,,,,,,,,,,,,,,,,,,,,,,,,0.32 ounces,,,6 x 2.4 x 6 inches,,,,,,,,,,,,,,womens,,,,,,,,,,,,,,,,,,,,,,,,,,,,,,,,,,,,,,Malaysia,,,,,,,,,,,,,,,,,,,,,,,,,,,,,,,,,,,,,,,,,,,,,,,,,,,,,,,,,,,No,,,,,,,,,,,,,,,,,,,,,,,,,,No,,,,,,,,,,,,,,"Dritz 2-1/4"" Soft Back Bra Extender, 2-1/4-Inch, Beige",,,,,,,,,,,,,,,,,,,,,,,,,,,,,,,,,,,,,,,,,,,,,,,,,,
,,,,,,,,,,,,4.2 out of 5 stars        10    4.2 out of 5 stars,,,,B0012P3VU8,,ACDelco,,,,,,,,,,24214158,,,,,,,,,,,,,,,,,,,,,ISO 9001,,,,,,,,,,,,,,,"#995,871 in Automotive (See Top 100 in Automotive)  #2 in Automotive Replacement Automatic Output Shaft Bearings  #6,949 in Automotive Replacement Transmissions & Parts",,,,,,,24214158,,,,,,,,,,,,,,,,,,,"October 10, 2007",1.6 ounces,,,2.5 x 2.5 x 0.7 inches,,,,,,,,,,,,,,,,,,,,,,,,,,,,,,,,,,,,,,,,,,,,,,,,,,,,USA,,,,,,,,,,,,,,,,,,,,,,,,,,,,,24214158,,,,,,,,24214158,,,,,,,,,,,,,,,,,,,,,,,,,,,,,,,,,,,,,,,ACDelco - Automatic Trans (Slp) (24214158),,,,,,,,,,,,,,,,,,,,,,,ACDelco GM Genuine Parts 24214158 Automatic Transmission Output Shaft Drive Sprocket Bearing,,2.5 x 2.5 x 0.7 inches,,,,,,,,,,,,,,,,,Stainless Steel,,,,,ACDelco,,,,,,,,,,,,,,,,,,,,,,,,,,
,,,,,,,,,,,,,,,,,,,,,,,,,,,,,,,,,,,,,,,,,,,,,,,,,,,,,,,,,,,,,,,,,,,,,,,,,,,,,,,,,,,,,,,,,,,,,,,,,,,,,,,,,,,,,,,,,,,,,,,,,,,,,,,,,,,,,,,,,,,,,,,,,,,,,,,,,,,,,,,,,,,,,,,,,,,,,,,,,,,,,,,,,,,,,,,,,,,,,,,,,,,,,,,,,,,,,,,,,,,,,,,,,,,,,,,,,,,,,,,,,,,,,Sensible Products UP-1 Ultimate Hub Fan Blade Blower Wheel Puller,,,,,,,,,,,,,,,,,,,,,,,,,,,,,,,,,,,,,,,,,,,,,,,,,,
,,,,,,,,,,,,4.6  4.6 out of 5 stars        294 ratings    4.6 out of 5 stars,,,,B001PYHF9E,,Dorman Products,,,,,,,,,,H38895,,,,,,,,,,,,,,,,,,,,,,,,,,,,,,Machined,,,,,,"#103,552 in Automotive (See Top 100 in Automotive)  #46 in Automotive Replacement Brake Hoses",,,,,,,150.67045; 18J844; 2201095; 4538895; 78120; 78126; 78156; 87-40045; B917690; BH123812; BH124751; BH178126; BH1781261; BH38849; BH38895; F123812; F124751; HB-87045; NF38895; 52006471; 52007583; 52008675; 52008675AC,,,,,,,,,,,,,,,,,,,"October 10, 2007",0.01 ounces,,,7.1 x 5.7 x 2.1 inches,,,,,,,,,,,,,,,,,,,,,,,,,,,,,,,,,,,,,,,,,,,,,,,,,,,,China,,,,,,,,,,,,,,,,,,,,,,,,,,,,,H38895,,,,,,,,,,,,,,,,,,,,,,,,,,,,,,,,,,,,,,,,,,,,,,,Dorman H38895: Brake Hydraulic Hose,,,,,,,,,,,,,,,,,,,,,,,Dorman H38895 Front Driver Side Brake Hydraulic Hose Compatible with Select Jeep Models,,,,,,,,,,,,,,,,,,,,,,,,Dorman,,,,,,,,,,,,,,,,,,,,,,,,,,
,,,,,,,,,,,Silver,"4.7 out of 5 stars        6,774    4.7 out of 5 stars",,,,B001V8RYTA,,Prest-O-Fit,,,,,,,,,,36923,,,,,,,,,,,,,,,,,,,,,,,,,,,,,,,6,,,,,"#10,316 in Patio, Lawn & Garden (See Top 100 in Patio, Lawn & Garden)  #110 in Plant Support Garden Stakes",,,,,,,,,,,,,,,,,,,,,,,,,,"March 12, 2009",6.6 ounces,,,"9.5""L x 0.6""W",,,,,,,,,,,,,,,,,,,,,,,,,,,,,,,,,,,,,,,,,,,,,,,,,,,,China,,,,,,,,,,,,,,,,,,,,,,,,,,,,,2-2001,,,,,1 Unknown batteries required.,,,,,,,,,,,,,,,,,,,,,,,,,No,,,,,,,,,,,,,,,,,Patio Rug Stakes,,,,,,,,,,,,,,,,,6,,,,,,Prest-O-Fit 36923 2-2001 Patio Rug Stakes - Pack of 6 Silver,,,,,,,,,,,,,,,,,,,Alloy Steel,,,,,Prest-O-Fit,,,,,,,,,,,,,,,,,,,,,,,,,,
,,,,,,,,,,,,"4.3 out of 5 stars        1,710    4.3 out of 5 stars",,,,B00203U69K,,Ridgid Tool Company,,,,,,,,,,41408,,,,,,,,,,No,,,,,,,,,,,,,,,,,,,,,,,,,,"#39,142 in Tools & Home Improvement (See Top 100 in Tools & Home Improvement)  #116 in Drain Augers",,,,,,,,,,,,,,,,,,,,,,,,,,"July 27, 2009",4.4 pounds,,,8 x 12 x 8 inches,,,,,,,,,1,,,,,,,,,,,,,,,,,,,,,,,,Equipped with 1/4-inch (6.3 mm) x 25-foot (7.6M),,,,,,,,,,,,,,,,,,,,,,,,,,,,,,,,,,,,,,,,,,,,,,,,,,,,,,,,,,1,,,,,,,,,,,,,,,,,,,,No,,,,,,,,,,,,,,,,,,,,,,,,,,,,,,,,,,,,,,,,"Ridgid GIDDS-813340 41408 Power Spin with AUTOFEED, Maxcore Drain Cleaner Cable, and Bulb Drain Auger to Remove Drain Clogs",,,,,,,,,,,,,,,,,,,Other,41408,,,,,,,,,,,,,,,,,,,,,,No,,certified frustration-free,,,,,,
,Coloring,,,,,No,,,,,Multi,"4.7  4.7 out of 5 stars        7,712 ratings    4.7 out of 5 stars",,,,B0024KMQ6K,,Strathmore,,,,,,,,,,400 Series Pastel,,,,,,,,,,,,,,,,,,,,,,,No Warranty,,,,,,,,,,,,,"#1,270 in Arts, Crafts & Sewing (See Top 100 in Arts, Crafts & Sewing)  #1 in Pastel Paper  #87 in Paper Craft Supplies",,,,,,,,,,,,,,,,,,,,,,,,,,,10.2 ounces,,,"12""L x 9""W",,,,,,,,,,,,,,,,,,,,80,,,,,,,,,,,,,,,,,,,,,,,,,,,,,,,,USA,,,,,,,,,,,,,,,,,,,,9 x 12,,,,,,,,,,,,,,,,,,,,,,,,,,,,,,,,,,,,Smooth,,,No,,,,,,,,,,,,,,,,24,,,,,,,1,,,No,,,,,,,,,,,,,,"Strathmore 400 Series Pastel Pad, Assorted Colors, 9""x12"" Glue Bound, 24 Sheets",,,,,,,,,,,,,,,,,,,Paper,,,,,Strathmore,,,,,,,,,,,,,,,,,,,,,,,,,,
,,,,,,,,,,,Black,"4.6  4.6 out of 5 stars        7,970 ratings    4.6 out of 5 stars",,,,B0025ZPX6O,,PWR+,,,,,,,,,,2PR-6FT-BL-A_RF,,,,,,,,,,No,,,,,,,,,,,,,2 year manufacturer,,,,,,,,,,,,,"#1,058 in Electronics (See Top 100 in Electronics)  #12 in Audio & Video Power Cables",,,,,,,,,,,,,,,,,,,,,,,,,,"April 7, 2009",3.84 ounces,,,,,,,,,,,,1,,,,1000 watts,,,,,,,,,,,,,,,,,,,,,,,,,,,,,,,,,,,Type A,,,,China,,,,,,,,,,,,,,,,,,,,,,,,,,,,,,,,,,,300 Volts,,,,,,,,,,,,,,,,,,,,,,,,No,,,,,,,,,,,,,,,,,,,,,,,,,,,,,,,,,,,,,,8.43 x 4.13 x 1.69 inches,,Pwr AC Cable Replacement Power Cord 2 Prong 6 Feet (Black),,,,,,,,,,,,,,,,,,,,2PR-6FT-BL-A_RF,,,,,,,,,,,,,,,,,,,,,,No,,"IEC, UL, OSHA, IEC 320, IEC 60320, NEMA",,,,,,
,,,,,,,,,,,Black,"4.2 out of 5 stars        1,421    4.2 out of 5 stars",,,,B002C8EZV8,,FPC CORPORATION,,,,,,,,,,6500N,,,,,,,,,,,,,,,,,,,,,,,,,,,,,,,Trigger,,,,,"#20,586 in Arts, Crafts & Sewing (See Top 100 in Arts, Crafts & Sewing)  #65 in Craft Glue Guns",,,,,,,,,,,,,,,,Plastic,,,,,,,,,,,0.32 ounces,,,4.4 x 1.3 x 7.6 inches,,,,,,,,Corded Electric,,,,,,,,,,,,,,,,,,,,,,,,,,,,,,,,,,,,,,,,,,,,China,,,,,,,,,,,,,,,,,,,,,,,,,,,,,,,,,,,,,,,,,,,,,,,,,,,,,,,,,,,No,,,,,,,,,Glue Gun Stand,,,,,,,,,,,,,,,,,No,,,,,,,,,,,,,,6500N Glue Gun Stand with Non-Stick Glue Gun Pad,,,,,,,,,,,,,,,,,,,,,,,,Surebonder,,,,,,,,,,,,,,,,,,,,,,,,,,
,,,,,,,,,,,,4.8 out of 5 stars        252    4.8 out of 5 stars,,,,B002R863WW,,Gates,,,,,,,,,,K060935HD,,,,,,,,,,,,,,,,,,,,,,,,,,,,,,Machined,,,,,,"#103,579 in Automotive (See Top 100 in Automotive)  #167 in Automotive Replacement Serpentine Belts",,,,,,,R528332,,,,,,,,,,,,,,,,,,,"October 1, 2009",6.4 ounces,,,,,,,,,,,,,,,,,,,,,,,,,,,,,,,,,,,,,,,,,,,,,,,,,,,,,,,China,,,,,,,,,,,,,,,,,,,,,,,,,,,,,K060935HD,,,,,,,,,,,,,,,,,,,,,,,,,,,,,,,,,,,,,,,,,,,,,,,FleetRunner Micro-V Serpentine Drive Belt,,,,,,,,,,,,,,,,,,,,,,,Gates K060935HD FleetRunner Micro-V Serpentine Drive Belt,,,,,,,,,,,,,,,,,,,,,,,,Gates,,,,,,,,,,,,,,,,,,,,,,,,,,
,,,,,,,,,,,,"4.6  4.6 out of 5 stars        2,524 ratings    4.6 out of 5 stars",,,,B002TI7MIO,,Classic Accessories,,,,,,,,,,18-026-010401-00,,,,,,,,,,,,,,,,,,,,,,,,,,,,,,Painted,,,,,,"#37,116 in Automotive (See Top 100 in Automotive)  #16 in Powersports Seat Covers",,,,,,,18-026-010401-00,,,,,,,,,,,,,,,,,,,"August 7, 2009",4.29 pounds,,,13.7 x 8 x 4.3 inches,,,,,,,,,,,,,,,,,,,,,,,,,,,,,,,,,,,,,,,,,,,,,,,,,,,,China,,,,,,,,,,,,,,,,,,,,,,,,,,,,,18-026-010401-00,,,,,,,,,,,,,,,,,,,,,,,,,,,,,,No,,,,,,,,,,,,,,,,,Classic Accessories 18-026-010401-00,,,,,,,,,,,,,,,,,,,,,,,"Classic Accessories QuadGear UTV Bench Seat Cover, Fits Kawasaki Mule 4000/4010 (2015 models and older), Black",,,,,,,,,,,,,,,,,,,,,,,,Classic Accessories,,,,,,,,,,,,,,,,,,,,,,,,,,
,,,,,,,,,,,Clear,"4.4  4.4 out of 5 stars        15,776 ratings    4.4 out of 5 stars",,,,B00318NQFY,,SYLVANIA,,,,,,,,,,31468,,,,,Headlight,,,,,,,,,,"automotive-exterior-combination-turn-signal-and-fog-light-bulbs, automotive-exterior-headlight-bulbs",,,,,,,,,,,,,,,Machined,,,,,,#134 in Automotive (See Top 100 in Automotive)  #2 in Automotive Headlight Bulbs,,,,,,,,,,,,,,,,,,,,,,,,,,"December 18, 2009",2.37 ounces,,,1.48 x 6.5 x 5.87 inches,,,,,,,,,1,,,,,,,,,,,,,,,,,,,,,,,,,,,,,,,,,,,,,,,,,,,USA,,,,,,,,,,,,,,,,,,,,,,,,,,,,,H11XV.BP2,,,,,,12 Volts,,,,,,,,,,,,,,,,,,,,,,,,No,,,,,,,,,,,,,,,,,31468,,,"Voltage 12V, Wattage 55, Base PGJ19.2",,,,,,,,Front,,,,,,,,,,,,"SYLVANIA - H11 XtraVision - High Performance Halogen Headlight Bulb, High Beam, Low Beam and Fog Replacement Bulb (Contains 2 Bulbs)",,,,,,,,,,,,,,1345 Lumen,,,,,,,,,,SYLVANIA,,,,,,,,,,,,,,,,,,,,,,,,,,
,,,,,,,,,,,Black,3.1 out of 5 stars        16    3.1 out of 5 stars,,,,B003549ZJA,,TGM Skateboards,,,,,,,,,,,,,,,,,,,,,,,,,,,,,,,,,,,,,,,,,,,,,,"#1,171,630 in Sports & Outdoors (See Top 100 in Sports & Outdoors)  #58 in Scooter Grip Tape",,,,,,,,,,,,,,,,Paper,,,,,,,,,,"January 19, 2010",0.1 Pounds,,,,,,,,,,,,,,,,,,,,,,,,,,,,,,,,,Paper,,,,,,,,,,,,,,,,,,,,,,,,,,,,,,,,,,,,,,,,,,,,,,,,1,,,,,,,,,,,,,,,,,,,,,,,,,,,,,,,,,,,,,,,,,,,,,,,,,,,,,,,,,,,,,,,,,,,,,,,,,New Replacement Grip Tape Grit for Razor Scooter Black,,,,,,,,,,,,,,,,,,,Paper,SCOOTER SIZE GRIT - BLACK-,,,,BLACK DIAMOND,,,,,,,,,,,,,,,,,,,,,,,,,BLACK DIAMOND,
,,,,,,,,,,,,"4.0 out of 5 stars        19,854    4.0 out of 5 stars",,,,B003D3NEEU,,,,,,,,,,,,952001,,,,,,,,,,,,,,,,,,,,,,,,,,,,,,,,,,,,#1 in Car Audio & Video Dash Mounting Kits  #4 in Car Audio & Video Installation Products,,,,,,,,,,,,,,,,,,,,,,,,,,"February 23, 2010",3.84 ounces,,,,,,,,,,,,,,,,,,,,,,,,,,,,,,,,,,,,,,,,,,,,,,,,,,,,,,,USA,,,,,,,,,,,,,1-year Manufacturer's Warranty,0.75 Pounds,,,,,,,,,,,,,,,,,,,,,,,,,,,,,,,,,,,,,,,,,,,,,No,,,,,,,,,,,,,,,,,,,,,,,,,,,,,,,,,,,,,,,,Metra Electronics 95-2001 Double DIN Installation Dash Kit for Select 1994 - 2012 GM Vehicles (packaging may vary),,,,,,,,,,,,,,,,,,,,,,,,,,,,,,,,,,,,,,,,,,,,,,,,,,
,,,,,,,,,,,,"4.6 out of 5 stars        1,118    4.6 out of 5 stars",,,,B003FHQSA6,,,,,,,,,,,,LC06P,,,,,,,,,,,,,,,,,,,,,,,,,,,,,,,,,,,,"#6,804 in Musical Instruments (See Top 100 in Musical Instruments)  #9 in Soprano Saxophone Ligatures",,,,,,,,,,,,,,,,,,,,,,,,,,"April 5, 2010",1.76 ounces,,,5 x 2.25 x 2.25 inches,,,,,,,,,,,,,,,,,,,,,,,,,,,,,,,,,,,,,,,,,,,,,,,,,,,,France,,,,,,,,,,,,,,,,,,,,,,,,,,,,,,,,,,,,,,,,,,,,,,,,,,,,,,,,,,,No,,,,,,,,,,,,,,,,,,,,,,,,,,,black,,,,,,,,,,,,,"Vandoren LC06P Optimum Ligature and Plastic Cap for Soprano Saxophone Gilded with 3 Interchangeable Pressure Plates, Black",,,,,,,,,,,,,,,,,,,,,,,,,,,,,,,,,,,,,,,,,,,,,,,,,,
,,,,,,,,,,,,4.7 out of 5 stars        44    4.7 out of 5 stars,,,,B003R41NB6,,UAC,,,,,,,,,,EX 529442C,,,,,,,,,,,,,,,,,,,,,,,,,,,,,,Machined,,,,,,"#258,696 in Automotive (See Top 100 in Automotive)  #29 in Automotive Replacement Air Conditioning Expansion Valves  #71 in Automotive Replacement Air Conditioning Valves",,,,,,,1H0820679; 6N0820679C; 208312; 3411259; 3411776; 30529442; 758670; 759585; 38670; 39296; 208312; 208468; 3411259; 3411776; 164245A; 3130945; 3131045; 3131078; 180183; 4618; 46384; 5048590; 440025; 38670; T38670; TEM207308; 207308; TEM217296;,,,,,,,,,,,,,,,,,,,"July 30, 2008",3.84 ounces,,,3.6 x 1.8 x 1.9 inches,,,,,,,,,,,,,,,,,,,,,,,,,,,,,,,,,,,,,,,,,,,,,,,,,,,,China,,,,,,,,,,,,,,,,,,,,,,,,,,,,,EX 529442C,,,,,,,,,,,,,,,,,,,,,,,,,,,,,,No,,,,,,,,,,,,,,,,,EXP VALVES/ORIF TUBE -,,,,,,,,,,,,,,,,,,,,,,,UAC EX 529442C A/C Expansion Valve,,,,,,,,,,,,,,,,,,,,,,,,UAC,,,,,,,,,,,,,,,,,,,,,,,,,,
,,,,,Ball Bearing,,,,,,,"4.6  4.6 out of 5 stars        1,075 ratings    4.6 out of 5 stars",,,,B003UEBQ2E,,MOOG Hub Assemblies,,,,,,,,,,515096,,,,,,,,,,,,,,,,,,,,,,,,,,,,,,,,,,,,"#131,587 in Automotive (See Top 100 in Automotive)  #409 in Automotive Replacement Hub Assemblies Bearings",,,,,,,515096,,,,,,,,,,,,,,,,,,,"July 6, 2011",0.01 ounces,,,12.25 x 8.13 x 6.44 inches,,,,,,,,,,,,,,,,,,,,,,,,,,,,,,,,,,,,,,,,,,,,,,,,,,,,"Korea, Republic of",,,,,,,,,,,,,,,,,,,,,,,,,,,,,515096,,,,,,,,515096,,,,,,,,,,,,,,,,,,,,,,No,,,,,,,,,,,,,,,,,,,,,,,,,,,,,,,,,Grease,,,,,,,MOOG 515096 Wheel Bearing and Hub Assembly,,12.25 x 8.13 x 6.44 inches,,,,,,,,,,,,,,,,,,,,,,MOOG,,,,,,,,,,,,,,,,,,,,,,,,,,
,"Beach, Party",,,,,,,,,,Cardinal/Grey,4.0 out of 5 stars        236    4.0 out of 5 stars,,,,B002T3WXTW,,Logo,,,,,,,,,,,,,,,,,,,,,,,,,,,,,,,,,,,,,,,,,Economy Tailgate Tent,,,,,"#159,537 in Sports & Outdoors (See Top 100 in Sports & Outdoors)  #2 in Sports Fan Canopies",,,,,,Logo Brands 102-39E Alabama Economy Tent,,,,,,,,,,,,,,,,,,,,"January 1, 2009",20 Pounds,,,,,,,,,,,,,,,,,,,,,,,,,,,,,,,unisex-adult,,,,,Large,9 x 9 x 9 inches,,,,,,,,,,,,,,,,,,,,,12.86 Kilograms,,,,,,,,,,,,,,,,,,,,,,,1,,,,Drawstring,,Alloy Steel,,,,,,,,,,,,,,,,,,,,,,,,,,,,,,,44.8 x 8.6 x 7.9 inches,,,,,Logo Brands 102-39E Alabama Economy Tent,,,,,,,,,,,,,,,,,,,,,,,,,,,,,,,"Logo Brands Officially Licensed NCAA Economy Canopy, Team Color, One Size",,,,,,,,,,,,,,,,,,,Other,1004085,,,,logobrands,,,,,,,Water Resistant,,,,,,,,,,,,,,,,,,logobrands,
,,,,,,,,,,,Chrome,4.5  4.5 out of 5 stars        678 ratings    4.5 out of 5 stars,,,,B004I51LEW,,iSpring,,,,1,,,,,,GB1,,,,,,,Polished,,,No,,,,,,,,,,,,,"30-Day Money-Back Guarantee; 3-Year Manufacturer Warranty Upon Registration; Lifetime CS and Tech Support from Atlanta, GA.",,,,,,,,,2.1 Inches,,,,"#62,608 in Tools & Home Improvement (See Top 100 in Tools & Home Improvement)  #46 in Faucet Mount Water Filters",,,,,,GB1,,,,,,,,,,,,,,,,,,,,"January 6, 2011",8.8 ounces,,,4 x 1 x 11 inches,,,,,,,,,1,,,,,,,,,Single Hole,,,,,,,,,Brass,,,,,,,,,,,,,,,,,Deck Mount,,,,,,,,China,,,,,,,,,,,,,,,,,,,,,,,,,,,,,,,,,,,,,,,,,,,,,,,,,,,,,,,,,,,No,,,,,,,,,"1 RO Faucet, installation kit",,,,,,,,,,,Durable,,,,,,,,,,,,,,,,,,,,"iSpring GB1 Lead-Free Reverse Osmosis Filter Drinking Water, Standard Non-Air Gap RO Faucet, Chrome",,,,,,,,,,Polished,,,,,,,,,Brass,GB1,,,,iSpring,,,,,,,,Durable,,,,,,,,,,No,,,Lever,,,,,
,,,,,,,,,,,,4.8 out of 5 stars        724    4.8 out of 5 stars,,,,B004JBCE32,,ACDelco,,,,,,,,,,29549684,,,,,,,,,,,,,,,,,,,,,,,,,,,,,,Painted,,,,,,"#21,615 in Automotive (See Top 100 in Automotive)  #1 in Automotive Replacement Transmission Oil Pan Gaskets",,,,,,,29549684,,,,,,,,,,,,,,,,,,,"January 15, 2011",3.84 ounces,,,13.5 x 12.8 x 0.35 inches,,,,,,,,,,,,,,,,,,,,,,,,,,,,,,,,,,,,,,,,,,,,,,,,,,,,USA,,,,,,,,,,,,,,,,,,,,,,,,,,,,,29549684,,,,,,,,,,,,,,,,,,,,,,,,,,,,,,No,,,,,,,,,,,,,,,,,Transmission Fluid Pan Gasket,,,,,,,,,,,,,,,,,,,,,,,GM Transmission Fluid Pan Gasket for 2020-2021 Freightliner MT45 - 29549684,,,,,,,,,,,,,,,,,,,,,,,,GM,,,,,,,,,,,,,,,,,,,,,,,,,,
,,,,,,,,,,,Assorted Colors,"4.6 out of 5 stars        2,667    4.6 out of 5 stars",,,,B004Q9XLW0,,C-Line Products Inc.,,,,,,,,,,58710,,,,,,,,,,,,,,,,,,Polypropylene (PP),,,,,,,,,,,,,,,,,,"#27,739 in Office Products (See Top 100 in Office Products)  #83 in File Jackets & File Pockets  #91 in Expanding Files & Wallets",,,,,,,,,,,,,,,,,,,,,,,,,,"February 10, 2011",4.6 ounces,,,10.38 x 1.13 x 5.5 inches,,,,,,,,,,,,,,,,,,,,,,,,,,,,,,,,,Specialty,,,,,,,,,,,,,,,,,,,,,,,,,,,,,,,,,,,,,,,,,,,,,1,,,58710,,,,,,,,,,,,,,,,,,,,,,,,,,,,,,No,,,,,,,,,,,,,,,,,,,,,,,,,,,,,,,,,,,,,,,,"C-Line 13-Pocket Poly Expanding File, 10 x 5 Inches, Junior Size for Receipts and Checks, Includes Tabs, 1 File, Color May Vary (58710)",,,,,,,,,,,,,,,,,,,,,,,,C-Line,,,,,,,,,,,,,,,,Top,,,,,,,,,,
,,,,,,,,,,,,,,,,,,,,,,,,,,,,,,,,,,,,,,,,,,,,,,,,,,,,,,,,,,,,,,,,,,,,,,,,,,,,,,,,,,,,,,,,,,,,,,,,,,,,,,,,,,,,,,,,,,,,,,,,,,,,,,,,,,,,,,,,,,,,,,,,,,,,,,,,,,,,,,,,,,,,,,,,,,,,,,,,,,,,,,,,,,,,,,,,,,,,,,,,,,,,,,,,,,,,,,,,,,,,,,,,,,,,,,,,,,,,,,,,,,,,,Human,,,,,,,,,,,,,,,,,,,,,,,,,,,,,,,,,,,,,,,,,,,,,,,,,,
,Office,,,,,,,,,,Black Faux Leather,"4.2  4.2 out of 5 stars        7,689 ratings    4.2 out of 5 stars",,,,B005FKMUHQ,,Dorel Home Furnishings,,,,,No,,,,,2007009,,,,,,,,,,,,2,,,,,,,,,,,,,,,,,,,Futon,,,,,"#425,835 in Home & Kitchen (See Top 100 in Home & Kitchen)  #29 in Futon Sets",792603829798 029986200709 029986319913 029986317018 066511739792,,,Oval,,,,,,,,,,,,,,,,,,,,,,"September 18, 2010",75 Pounds,,,"34""D x 71""W x 32""H",,,,,,,,,1,,600 Pounds,,,,,Split Back,,,,,,34 inches,,,,,,,,,,,Futon,,,,,,,,,,,,,,,,,,,,,,,,,,,,,,,,,,,,,,,,,,,,,,,,,,,Chrome,,,,,,,,,,,,,,,,,,Square,Futon,,,,Ships in one box and it is easy assembly,,,,,,,,,,,,,sofa,,slanted chrome legs,,,,,,,,"Geometric, Solid",,,,,,,,,,"Office, Guest Room, Living Room",Foam,,,,1,,,,,,"DHP Emily Futon With Chrome Legs, Black Faux Leather",,,,,,,,No,Adult,,,,,,,,,,"Faux Leather, Metal",,,,,DHP,,,,,,,,Button Tufted,,Faux Leather,,,,,,,,,,,,,,,,
,,,,,,,,,,,,4.4  4.4 out of 5 stars        224 ratings    4.4 out of 5 stars,,,,B00605YR7G,,,,,,,,,,,,CECOMINOD046668,,,,,,,,,,,,,,,,,,,,,,,,,,,,,,,,,,,,"#620,598 in Home & Kitchen (See Top 100 in Home & Kitchen)  #17 in Steam Cleaner & Steam Mop Replacement Parts",,,,,,,,,,,,,,,,,,,,,,,,,,"October 27, 2011",9.6 ounces,,,12 x 1 x 6 inches,,,,,,,,,,,,,,,,,,,,,,,,,,,,,,,,,,,,,,,,,,,,,,,,,,,,,,,,,,,,,,,,,,,,,,,,,,,,,,,,,,,,,,,,,,,,,,,,,,,,,,,,,,,,,,,No,,,,,,,,,,,,,,,,,,,,,,,,,,,,,,,,,,,,,,,,Shark Steam Mop S3501 S3601 S3801CO S3901 Replacement Rectangle All-Purpose Pocket Mop  Head,,,,,,,,,,,,,,,,,,,,,,,,,,,,,,,,,,,,,,,,,,,,,,,,,,
,,,,,,,,,,,,"4.4  4.4 out of 5 stars        1,237 ratings    4.4 out of 5 stars",,,,B0087QK1CG,,U.S. Toy,,,,,,,,,,SYNCHKG122604,,,,,,,,,,,,,,,,,,,,,,,,,,,,,,,,,,,,"#163,612 in Toys & Games (See Top 100 in Toys & Games)  #853 in Bubble Makers  #10,113 in Novelty Toys & Amusements",,,,,,,,,,,,,,,,,,,,,,,,,,,5.6 ounces,,,5.7 x 3.8 x 3.5 inches,,,,,,,,,,,,,,,,,,,,,,,,,,,,,,,,,,,,,,"July 1, 2018",,,,,,,,,,,,,,USA,,,,,,3 years and up,,,,,,,,,,,,,,,,,,,,,,,,,,,,,,,,,,,,,,,,,,,,,,,,,,,,,No,,,,,,,,,,,,,,,,,,,,,,,,,,,,,,,,,,,,,,,,"Crayon Bubbles, 24 Count",,,,,,,,,,,,,,,,,,,,,,,,,,,,,,,,,,,,,,,,,,,,,,,,,,
,,,,,,,,,,,,4.8 out of 5 stars        27    4.8 out of 5 stars,,,,B008ND28SI,,Cardone Service Plus,,,,,,,,,,14-1042,,,,,,,,,,,,,,,,,,,,,,,,,,,,,,Machined,,,,,,"#959,289 in Automotive (See Top 100 in Automotive)  #153 in Automotive Replacement Brake Caliper Brackets  #881 in Renewed Automotive",,,,,,,F4ZZ2B511B,,,,,,,,,,,,,,,,,,,"April 22, 2009",2.09 pounds,,,7.2 x 4.5 x 4.1 inches,,,,,,,,,,,,,,,,,,,,,,,,,,,,,,,,,,,,,,,,,,,,,,,,,,,,USA,,,,,,,,,,,,,,,,,,,,,,,,,,,,,14-1042,,,,,,,,,,,,,,,,,,,,,,,,,,,,,,,,,,,,,,,,,,,,,,,Caliper Bracket,,,,,,,,,,,,,,,,,,Unknown,,,,,Cardone Service Plus 14-1042 Remanufactured Caliper Bracket,,,,,,,,,,,,,,,,,,,,,,,,Cardone,,,,,,,,,,,,,,,,,,,,,,,,,,
,,,,Stainless Steel,,,569 Kilowatt Hours Per Year,,,,Multicolor,"4.4 out of 5 stars        1,526    4.4 out of 5 stars",,,,B008VX01P2,,,,,,,,ARC-122DS,3,,,ARC-122DS,,,,,,,,,2.12 Cubic Feet,No,,,,,,,,Metal,,,,,,,,Mini Fridges,,,,,,,,,,"#222,664 in Industrial & Scientific (See Top 100 in Industrial & Scientific)  #36 in Commercial Freezers",,,,,,"Whynter Elite ARC-122DS 12,000 BTU Dual Hose",,,,,,,Automatic,,,,,,,,,,,,,"August 10, 2012",62 pounds,,,"18.5""D x 28""W x 21""H",,,,,,,,,,,,,65 watts,,,,,Freestanding,,,,,,,,,,,,,,,,,,,,,,,,,,,,,,,,,Right,,,,,,,,,2.12 Cubic Feet,,,,,,,,,,,2.12 Cubic Feet,,,,,,,,,,,,,,,,12 Volts,,,,,,42 dB,,,,,,,,,,,,,,,,15.5 Inches,,No,,,,,,,,,"Two removable wire baskets, 8'AC power cord and 10'DC power cord",,,,Box,,,,,,Solid,“Fast Freeze” mode. Two separately controlled temperature zones.,,,,,,,,,,,,,,,,,Wire,,,"Whynter FM-62DZ 62 Quart Dual Zone Portable Refrigerator and Deep Freezer Chest, AC 110V/ DC 12V, Real Freezer for Car, Home, and RV, -8°F to 50°F Temperature Range, Gray, Fridge + Power Supply Cord",,,,,,,,,,,,,,,,,,,Metal,FM62DZ,,,,Whynter,,,,,,,,“Fast Freeze” mode. Two separately controlled temperature zones.,,,,,,,,,,No,,,,,,,Whynter,
,,,,,,,,,,,,,,,,,,,,,,,,,,,,,,,,,,,,,,,,,,,,,,,,,,,,,,,,,,,,,,,,,,,,,,,,,,,,,,,,,,,,,,,,,,,,,,,,,,,,,,,,,,,,,,,,,,,,,,,,,,,,,,,,,,,,,,,,,,,,,,,,,,,,,,,,,,,,,,,,,,,,,,,,,,,,,,,,,,,,,,,,,,,,,,,,,,,,,,,,,,,,,,,,,,,,,,,,,,,,,,,,,,,,,,,,,,,,,,,,,,,,,Bath & Body Works White Barn Mahogany Teakwood Scented Candle Unisex Candle 14.5 oz,,,,,,,,,,,,,,,,,,,,,,,,,,,,,,,,,,,,,,,,,,,,,,,,,,
,,,,,,,,,,,,,,,,,,,,,,,,,,,,,,,,,,,,,,,,,,,,,,,,,,,,,,,,,,,,,,,,,,,,,,,,,,,,,,,,,,,,,,,,,,,,,,,,,,,,,,,,,,,,,,,,,,,,,,,,,,,,,,,,,,,,,,,,,,,,,,,,,,,,,,,,,,,,,,,,,,,,,,,,,,,,,,,,,,,,,,,,,,,,,,,,,,,,,,,,,,,,,,,,,,,,,,,,,,,,,,,,,,,,,,,,,,,,,,,,,,,,,SAE and Metric Bolt Gauges Check a Thread Nut Fastener Size,,,,,,,,,,,,,,,,,,,,,,,,,,,,,,,,,,,,,,,,,,,,,,,,,,
,,,,,,,,,,,,"4.6  4.6 out of 5 stars        16,351 ratings    4.6 out of 5 stars",,,,B00A7X4M1S,,Walker Edison,,,,,,,,,,AZ58CSPES,,,,,,,,Wipe With Cloth,,,,,,,,,,,,,,espresso,30 day against manufacturer defect.,,,,,,,,,,,,,"#29,060 in Electronics (See Top 100 in Electronics)  #97 in TV Mount Stands",,,,,,,,,,,,,,,,,,,,,,,,,,,70 pounds,,,16 x 58 x 24 inches,,,,,,,,,,,,,,,,,,,,,,,,,,,,,,,,,,,,,,,,,,,,,,,,,two,,,China,,,,,,,,,,,,,,,,,,,,,,,,,,,,,,,,,,,,,,,,,,,,,,,,,,,,,,,,,,,No,,,,,,,,,Hardware pack & tools,,,,,,,,,,,,,,1,,,No,,,,,,,,,,,,,,"Walker Edison Wren Classic TV Console Entertainment Media Stand with Storage for Televisions up to 65 Inches, 58 Inch, Espresso",,,,,,,,,,,,,,,,,Made in the USA and Imported,,,,,,,,,,,,,,,,,,,,,,,,,,,,,,,,,
,,,,,,,,,,,,"4.6  4.6 out of 5 stars        1,477 ratings    4.6 out of 5 stars",,,,B00B7YLKTS,,Protective Covers,,,,,,,,,,1166-TN,,,,,,,,,,,,,,,,,,,,,,,,,,,,,,,,,,,,"#47,762 in Patio, Lawn & Garden (See Top 100 in Patio, Lawn & Garden)  #2 in Patio Glider Covers",,,,,,,,,,,,,,,,,,,,,,,,,,,3.14 pounds,,,54 x 31 x 35 inches,,,,,,,,,,,,,,,,,,,,,,,,,,,,,,,,,,,,,,,,,,,,,,,,,,,,China,,,,,,,,,,,,,,,,,,,,,,,,,,,,,,,,,,,,,,,,,,,,,,,,,,,,,,,,,,,No,,,,,,,,,,,,,,,,,,,,,,,,,,,,,,,,,,,,,,,,"Weatherproof 2 Seat Glider Cover, Tan - 1166-TN",,,,,,,,,,,,,,,,,,,,,,,,,,,,,,,,,,,,,,,,,,,,,,,,,,
,,,,,,,,,,,,"4.3  4.3 out of 5 stars        1,472 ratings    4.3 out of 5 stars",,,,B00BAO15UE,,,,,,,,,,,,998231,,,,,,,,,,,,,,,,,,,,,,,,,,,,,,,,,,,,"#33,525 in Automotive (See Top 100 in Automotive)  #36 in Automotive Replacement Radio Electrical Accessories",,,,,,,,,,,,,,,,,,,,,,,,,,"January 30, 2012",8.8 ounces,,,14.5 x 7.5 x 2.5 inches,,,,,,,,,,,,,,,,,,,,,,,,,,,,,,,,,,,,,,,,,,,,,,,,,,,,USA,,,,,,,,,,,,,kkk,0.75 Pounds,,,,,,,,,,,,,,,,,,,,,,,,,,,,,,,,,,,,,,,,,,,,,No,,,,,,,,,,,,,,,,,,,,,,,,,,,,,,,,,,,,,,,,"Metra 99-8231 Single or Double DIN Installation Dash Kit for 2002-2006 Toyota Camry,Black",,,,,,,,,,,,,,,,,,,,,,,,,,,,,,,,,,,,,,,,,,,,,,,,,,
,,,,,,,,,,,Silver,"4.6  4.6 out of 5 stars        1,742 ratings    4.6 out of 5 stars",,,,B00CIU93TE,,Omega Juicers,,,,,,,,,,NC800HDS,Dishwasher Safe,,,,,,,,,,,,,,,,,,,,,,,,,,,,,,,,,,,"#58,881 in Kitchen & Dining (See Top 100 in Kitchen & Dining)  #61 in Masticating Juicers",,,,,,,,,,,,,,,,,,,,,,,,,,"April 30, 2013",18.7 pounds,,,"6.5""D x 14.5""W x 15.5""H",,,,,,,,Corded Electric,,,,,,,,,,,,,,,,,,,,,,,,,,,,,,,,,,,,,,Stainless Steel,,,,,,,,,,,,,,,,,,,,,,,,,,,,,,,,,,,,,,,,,100120 Volts,,,,,,,,,,,,,,,,,,,,,,,,No,,,,,,,,,,,,,,,,,,,,,,,,,,,,,,,,,,,,,,,,"Omega NC800HDS Cold Press Juicer Machine, Vegetable and Fruit Juice Extractor and Nutrition System, Dual-Stage Slow Masticating Juicer, 150 W, Manual, Silver",,,,,,,,,,Silver,,,,,,,,,,,,,,Omega,,,,,,,,Manual,,,,,,,,,,,,,,,,,,
,,,,,,,,,,,Silver,"4.0 out of 5 stars        7,953    4.0 out of 5 stars",,,,B00CLOG5MK,,Orbit Underground/Sunmate,,,,,,,,,,58543,,,,,,,,,,No,,,,,,,,,,,,,6 year warranty.,,,,,,,,Cleaning Wand,,,,,"#3,733 in Patio, Lawn & Garden (See Top 100 in Patio, Lawn & Garden)  #6 in Garden Hose Wands",,,,,,58543,,,,,,,,,,,,,,,,,,,,"April 16, 2013",1.3 pounds,,,"5""W x 40""H",,,,,"Lightweight, Durable",,,,1,,,,,,,,,,,,,,,,,,Metal,,,Hard Floor,,,6,,,,,,,,,,,,,,,,,,,Taiwan,,,,,,,,,,,,,,,,,,,,,,,,,,,,,,,,,,,,,,,,,,,,,,,,,,,,,,,,,,,No,,,,,,,,,,,,,,,,,,,,"Durable,Lightweight",,,,,,,,,,,,,,,,,,,,"Orbit 58543 Telescoping Gutter Cleaning Wand, Silver",,,,,,,,,,,,,,,,,,,"Plastic, Metal",58543,,,,Orbit,,,,,,,,"Durable,Lightweight",,,,,,,,,,No,,,,,,,,
,,,,,,,,,,,,"4.6 out of 5 stars        1,094    4.6 out of 5 stars",,,,B00COKU2AW,,Ertl,,,,,,,,,,14855,,,,,,,,,,,,,,,,,,,,,,,,,,,,,,,,,,,,,,,,,,,,,,,,,,,,,,,,,,,,,,,9.6 ounces,,,9.1 x 1.8 x 2.4 inches,,,,,,,,,,,,,,,,,,,,,,,,,,,,,,,,,,,,,,,,,,,,,,,,,,,,China,,,,,,36 months - 15 years,,,,,,,,,,,,,,,,,,,,,,,,,,,,,,,,,,,,,,,,,,,,,,,,,,,,,No,,,,,,,,,,,,,,,,,,,,,,,,,,,,,,,,,,,,,,,,"Ertl Plastic Dodge Pickup with Diecast Trailer and Bales, 1:64-Scale",,,,,,,,,,,,,,,,,,,,,,,,,,,,,,,,,,,,,,,,,,,,,,,,,,
5,Clothes,,,,,,,,,,Black,"4.1 out of 5 stars        14,683    4.1 out of 5 stars",,,,B00DQQQNLA,,Hodedah Import Inc. - DROPSHIP,,,,,,,,,,HID5,,,,,,,,Hand Wash,,,,,,,,,,,,,,Black,,,,,,,,,,,,,,"#25,792 in Home & Kitchen (See Top 100 in Home & Kitchen)  #47 in Storage Cabinets",,,,,,,,,,,,,,,,,,,,,,,,,,,44 pounds,,,"12""D x 16""W x 59.06""H",,,,Wood,,,,,,,3.83 Pounds,,,,,,,Freestanding,5,,,,,,,,,,,,,,5-Shelf,,,,,,Legs,,,,,Floor Mount,,,,,,,,,,,,,,,,,,,,,,,,,,,,,,,,,,,,,,,,Engineered Wood,,,,,,,,,,,,,,,,,,,,,,,,,,,,,,,,,,,,Hardware,,,,,,,,,,,,,Flat Panel,,,,No,,,Living Room,,,,,1,,,,,,"HODEDAH 5 Door Bookcase Cabinet, 5-Shelf, Black",,,,,,,,Yes,,Black,,,,,,,Imported,,,,,,,Hodedah,,,,,,,,Durable,,,,,,,,,,,,,,,,,,
,,,,,,,,,,,,3.8  3.8 out of 5 stars        410 ratings    3.8 out of 5 stars,,,,B00FJ2JBR2,,OSTENT,,,,,,,,,,039402,,,,,,,,,,,,,,,,,,,,,,,,,,,,,,,,,,,,"#125,184 in Video Games (See Top 100 in Video Games)  #108 in Wii Chargers",,,,,,,,,,,,,,,,,,,,,,,,,,"May 20, 2018",6.7 ounces,,,,,,,,,,,,,,,,,,,,,,,,,,,,,,,,,,,,,,,,,,,,,,,,,,,,,,,,,,,,,,,,,,,,,,,,,,,,,,,,,,,,,,,,,2 Lithium Polymer batteries required.,,,,,,,,,,,,,,,,,,,,,,,,,No,,,,,,,,,,,,,,,,,,,,,,,,,,,,,,,,,,,,,,5.39 x 4.96 x 1.81 inches,,OSTENT Charger Dock Station + 2 Battery Packs for Nintendo Wii Remote Controller Color White [Video Game],,,,,,,,,,,,,,,,,,,,,,,,,,,,,,,,,,,,,,,,,,,,,,,,,,
,,,,,,,,,,,,"4.8  4.8 out of 5 stars        3,741 ratings    4.8 out of 5 stars",,,,B00GG0RLJQ,,Paracord Planet,,,,,,,,,,,,,,,,,,,,,,,,,,,,,,,,,Not applicable.,,,,,,,,,,,,,"#10,316 in Sports & Outdoors (See Top 100 in Sports & Outdoors)  #38 in Tactical Paracord",,0.13 Inches,,,,,,,,,,,,,,,,,,,,,,,,,7.3 ounces,,,,,,,,,,,,,,,,,,,,,,,,,,,,,,,,,,,,,,,,,,,,,,,,,,,,,,,,,,,,,,,,,,,,,,,,,,,,,,,,,,,,,,,,,,,,,,,,,,,,,,,,,,,,,,,,,,No,,,,,,,,,,,,,,,,,,,,,,,,,,No,,,,,,,,,,,,10.83 x 4.61 x 1.14 inches,,Paracord Planet 550lb Paracord – 7 Strand Type III Tactical Parachute Cord Top 40 Colors in 100 ft Hanks,,,,,,,,,,,,,,,,,,,,,,,,,,,,,,,,,,,,,,,,,,,,,,,,,,
1,"Photos, stamps, stickers, embellishments",,,,,No,,,,,Clear,"4.7 out of 5 stars        9,526    4.7 out of 5 stars",,,,B00GLQX3CO,,"IRIS USA, Inc.",,,,,,,,,,585162,,,,,,,,,,,,,,,,,,,,,,,Not applicable.,,,,,,,,2 Pack,,,,,"#1,501 in Arts, Crafts & Sewing (See Top 100 in Arts, Crafts & Sewing)  #7 in Craft & Sewing Supplies Storage  #15 in Arts & Crafts Storage Boxes & Organizers",,,,Rectangular,,,,,,,,,,,,,,,,,,,,,,,4.09 pounds,,,"14.98""L x 12.08""W x 5.05""H",,,,,,,,,1,,,,,,,,,,,,,,,,,,,,,,2.0 Count,,,,,,,,,,,,,,,,,,,,,USA,,,,,,,,,,,,,,,,,,,,,,,,,,2,,,,Snap,,,,,,,,,,,,,,,,,,,Snap,,,,,,,,,,No,,,,,,,,,"Photo Orginazation Contaiers, Storage Containers",,,,,,,,,,Keeper,,,,2,,,No,,,,,,,,,,,,,"Graduation, Housewarming, Birthday, Seasons, Back to School","IRIS USA 4"" x 6"" Photo Storage Craft Keeper, 2 Pack, Main Container with 16 Organization Cases for Pictures, Crafts, Scrapbooking, Stationery Storage, Protection and Organization, Clear",,,,,,,,,,,,,,,,,,,Polyvinyl Chloride,,,,,IRIS,,,,,,,,Rounded corners and stackable lid design,,,,,,,,,,,,,,,,,,
,,,,,,,,,,,,,,,,,,,,,,,,,,,,,,,,,,,,,,,,,,,,,,,,,,,,,,,,,,,,,,,,,,,,,,,,,,,,,,,,,,,,,,,,,,,,,,,,,,,,,,,,,,,,,,,,,,,,,,,,,,,,,,,,,,,,,,,,,,,,,,,,,,,,,,,,,,,,,,,,,,,,,,,,,,,,,,,,,,,,,,,,,,,,,,,,,,,,,,,,,,,,,,,,,,,,,,,,,,,,,,,,,,,,,,,,,,,,,,,,,,,,,"Teenage Mutant Ninja Turtles Boys' Buckle-Down PU Bifold Wallet-TMNT Turtle Battle Poses/Pizza, Multicolor, 4.0"" x 3.5""",,,,,,,,,,,,,,,,,,,,,,,,,,,,,,,,,,,,,,,,,,,,,,,,,,
,,,,,,,,,,,Gray,"4.2 out of 5 stars        2,478    4.2 out of 5 stars",,,,B00HU3F1WC,,Bestway L&G,,,,,,,,,,58390E,,,,,,,,,,No,,,,,,,,,,,,,1 Year,,,,,,,,1500gal,,,,,"#17,100 in Patio, Lawn & Garden (See Top 100 in Patio, Lawn & Garden)  #18 in Pool Pump Replacement Parts & Accessories",,,,,,,,,,,,,,,,,,,,,,,Pool Filter,,,"January 11, 2014",9.08 pounds,,,"14""L x 8""W x 12""H",,,,,,,,Corded Electric,1,,,,,,,,,,,,,,,,,,,,,,,,1500 GPH,,,,,,,,,,,,,,,,,,,China,,,,,,,,,,,,,,,,,,,,,,,,25 Gallons Per Minute,,,,,,,,,,,120 Volts,,,,,,,,Imperial,,,,,,,,,,,,,,,,No,,,,,,,,,"One filter pump(110-120V 1.8A),Pump's water flow rate 5,678 L/h (1500 gal./h),Compatible with Cartridge 58012(III),adaptors included, Compatible withΦ1.25in/Φ32 mm valves using the adaptors included,Work only withΦ1.5in /Φ38mmthreaded valves",,,,,,,,,,Filter Pump,,,,,,,,,,,,,,,,,,,,,"Bestway 58390E Flowclear 1500 GPH Filter Pump for 300 to 8,400 Gallon Above Ground Swimming Pool with Adaptors and Energy Saving Plug",,,,,,,,,,,,,,,,,,,Plastic,58121US,,,,Bestway,,,,,,,,,,,,,,,,,,No,,,,,,,,
,,,,,,,,,,,,"4.8 out of 5 stars        8,540    4.8 out of 5 stars",,,,B00L59D9HG,,Nintendo,,,,,,,,,,WAPAAD1,,,,,,,,,,,,,,,,,,,,,,,,,,,,,,,,,Rating Pending,,,"#2,631 in Video Games (See Top 100 in Video Games)  #2 in Nintendo 3DS & 2DS Adapters",,,,,,,,,,,,,,,,,,,,,,,,,,"June 19, 2014",3.17 ounces,,,1.81 x 0.87 x 2.56 inches; 3.17 ounces,,,,,,,,,,,,,,,,,,,,,,,,,,,,,,,,,,,,,,"July 9, 2014",,,,,,,,,,,,,,,,,,,,,,,,,,,,,,,,,,,,,,,,,,,,,,,,,,,,,,,,,,,,,,,,,,,Accessory,,,,,,No,,,,,,,,,,,,,,,,,,,,,,,,,,,,,,,,,,,,,,,,Nintendo 3DS AC Adapter,,,,,,,,,,,,,,,,,,,,,,,,,,,,,,,,,,,,,,,,,,,,,,,,,,
,,,,,,,,,,,Black,"4.5  4.5 out of 5 stars        5,532 ratings    4.5 out of 5 stars",,,,B00NF1YW4G,,Bomea,,,,,,,,,,4326525874,,,,,,,,,,,,,,,,,,,,,,,,,,Pouch,,,,,,,,,,"#10,029 in Cell Phones & Accessories (See Top 100 in Cell Phones & Accessories)  #94 in Cell Phone Holsters",,,,,"iphone se belt case, iphone se belt clip, iphone 8 holster, iphone se belt holder, iphone se belt holster",,,,,,,,,,,,,,,,,,,,,"September 8, 2014",0.96 ounces,,,5.8 x 0.6 x 3 inches,,,,,,,,,,,,,,,,,,,,,,,,,,,,,,,,,,,,,,,,,,,,,,,Wireless,,,,,,,,,,,,,,,,,,,,,,,,,,,,,,,,,,,,,,,,,,,,,,,,,,,,,,,,,,,,,,,,No,,,Belt Clip,,,,,,,,,,,,,,,,,,,,,,,,,,,,,,,,,,,,,"PiTau Holster for iPhone SE, iPhone 8, 7, 6s, 6 Cell Phone Belt Holder Case with Belt Clip, Belt Loop Carrying Pouch Cover (Fits iPhone SE, 8 7 with Otterbox, Battery Case on) Black Medium Size",,,,,,,,,,,,,,,,,,,,,,,,,,,,,,,,,,,,,,,,,,,,,,,,,,
,Residential Use,,,,,,,,,,Black/French Oak Grey,"4.0 out of 5 stars        31,943    4.0 out of 5 stars",,,,B00OR1KPL2,,,,,,,,,,,,,"Wipe with Damp Cloth, Avoid using harsh chemicals.",,,,,,,,,,,,,,,,,,,,,,,,,,,,,,A-frame Design,,,,,"#10,532 in Home & Kitchen (See Top 100 in Home & Kitchen)  #39 in Home Office Desks",,,,Rectangular,,Simplistic A Frame,,,,,,,,Computer Desk,,,,Oak,,1 Year,,,,,Limited,,25 Pounds,50 Pounds,,"16.5""D x 31.61""W x 35.59""H",,,,,,,,,,,,,,,,,,,,,,,,,,,,,,,,,Regular,,,,,,Legs,File Drawer,,,,Freestanding,,,,,,,,,,14054BK/GYW,,,,,,,,,,,,,,,,,,,,,,,,,,,,,,,,,,,,,,,,,,,,,,,,,,,,,Full Assembly Needed,,,,,,,,,,,,,"Shelf Panels, Hardware Pack, Assembly Instructions",,,Engineered Wood,,,Use on level floor only. Do not climb or stand on desk. Intended for residential use only. Maximum weight capacity: 50 lbs.,,,,,,,,,,,,,,Office,,,,,,,,,,,"Furinno Simplistic A Frame Computer Desk, Black/French Oak Grey",,,,1,,,Engineered Wood,Yes,Adult,Laminated,,,,,,,,,,,,,,Furinno,,,,,,,,Compact,,,,,,,,,,,,,,,,Unisex,,
,,,,,,No,,,,,Fruitwood,"4.6 out of 5 stars        6,543    4.6 out of 5 stars",,,,B00OYJCM0O,,,,,,,No,,,,,,,,,,,,,,,,,4,,,,,,,,,,,,,,,32 inches,,,,Traditional,,,,,,,,,Square,,STAKMORE,,,,,,,,,,,,,,,,,,,5-YEAR LIMITED WARRANTY,,28.8 Pounds,,,"32""D x 32""W x 32""H",,,,,,,,,,,,,,,,,,,,,,,,,,,,,,,1.0 Count,,32 in x 32 in x 29.5 in (D x W x H),,,,,,Leg Glides,,,,,,,,,,1,,,,,0056.00841,,,Yes,,,,,,,,,,,,,,,,,,,,,1,,,,,,Wood,,,,,,,,,,,,,,,,,,,,,,,Already Assembled,,,,,,0.75 Inches,,,,,,,Assembly Guide,,,"Rubberwood,Solid Wood",,Dining Table,,,,,Table,,,,,,,,,,Kitchen,,,,,,,,,,,"Meco STAKMORE Straight Edge Folding Card Table Fruitwood Finish, 32 in x 32 in x 29.5 in (D x W x H)",,,,,,,"Rubberwood,Solid Wood",,,,,,,,150 Pounds,,,,,,,,,MECO,,,,,,Residential Use,,Storage,,,,,,Indoor,,,,,,,,,,Unisex,,
,,,,,,,,,,,,,,,,,,,,,,,,,,,,,,,,,,,,,,,,,,,,,,,,,,,,,,,,,,,,,,,,,,,,,,,,,,,,,,,,,,,,,,,,,,,,,,,,,,,,,,,,,,,,,,,,,,,,,,,,,,,,,,,,,,,,,,,,,,,,,,,,,,,,,,,,,,,,,,,,,,,,,,,,,,,,,,,,,,,,,,,,,,,,,,,,,,,,,,,,,,,,,,,,,,,,,,,,,,,,,,,,,,,,,,,,,,,,,,,,,,,,,"Forum Novelties Women's Adult Christmas Socks, Santa, One Size",,,,,,,,,,,,,,,,,,,,,,,,,,,,,,,,,,,,,,,,,,,,,,,,,,
,Indoor,,,,,,,,,,1b. 8g-frosted,"4.5 out of 5 stars        236,408    4.5 out of 5 stars",,Light-filtering,,B00QI0IDWS,,LiBa,,,,,,,,,,LB7272FR,Hand Wash Only,,,,Shower,,,,,,,,,,,,,,,,,,,,,,,1.6 Inches,All seasons,,Modern,,,,,#26 in Home & Kitchen (See Top 100 in Home & Kitchen)  #1 in Shower Curtains,,,,,,shower liner,,,,,,,,,,,,,,,,,,,,"December 3, 2014",0.282 ounces,,,"72""L x 72""W",,,,,,,,,,,,,,,,,,,,,,,,,Grommet,,,,,,1.0 Count,,"*72"" W x 72"" H",,,,,,,,,,,,,,,,,,,,,,0.34 Kilograms,,,,,,,,,,,,,,,,,,,,,,,1,,,,,,,,,,,,,,,,,,,,,,100% Peva,,,,,,,,,,,No,,,,,,,,,Grommet,,,,,,,,,,Solid,,,,,shower curtain,,,,,Bathroom,,,,,,,,,,,LiBa Waterproof Plastic Shower Curtain - Bathroom Shower Curtain Premium PEVA Non-Toxic with Rust Proof Grommets 8G Heavy Duty Bathroom Accessories 72x72 - Frosted,,,,,,,,,,,,,,,,,,,Ethylene Vinyl Acetate,,,,,LiBa,,,,Grommet,Shower Curtain Liner,,,"Durable,Waterproof",,,,,,,,,,,,,,,,,,
,,,,,,,,,,,,,,,,,,,,,,,,,,,,,,,,,,,,,,,,,,,,,,,,,,,,,,,,,,,,,,,,,,,,,,,,,,,,,,,,,,,,,,,,,,,,,,,,,,,,,,,,,,,,,,,,,,,,,,,,,,,,,,,,,,,,,,,,,,,,,,,,,,,,,,,,,,,,,,,,,,,,,,,,,,,,,,,,,,,,,,,,,,,,,,,,,,,,,,,,,,,,,,,,,,,,,,,,,,,,,,,,,,,,,,,,,,,,,,,,,,,,,Butterfly EMEM Apparel Women's Plus Size Queen Opaque Footed Tights,,,,,,,,,,,,,,,,,,,,,,,,,,,,,,,,,,,,,,,,,,,,,,,,,,
,,,,,,,,,,,,"4.7 out of 5 stars        3,473    4.7 out of 5 stars",,,,B00S7O6RG2,,Nintendo,,,,,,,,,,NVLCABAB,,,,,,,,,,,,,,,,,,,,,,,,,,,,,,,,,Rating Pending,,,"#14,338 in Video Games (See Top 100 in Video Games)  #50 in Wii U Interactive Gaming Figures  #807 in Xbox Legacy Systems  #906 in PlayStation Legacy Systems",,,,,,,,,,,,,,,,,,,,,,,,,,"November 11, 2014",0.8 ounces,,,3.6 x 7.5 x 5.1 inches; 0.8 ounces,,,,,,,,,,,,,,,,,,,,,,,,,,,,,,,,,,,,,,"March 20, 2015",,,,,,,,,,,,,,,,,,,,,,,,,,,,,,,,,,,,,,,,,,,,,,,,,,,,,,,,,,,,,,,,,,,Video Game,,,,,,No,,,,,,,,,,,,,,,,,,,,,,,,,,,,,,,,,,,,,,,,Luigi amiibo,,,,,,,,,,,,,,,,,,,,,,,,,,,,,,,,,,,,,,,,,,,,,,,,,,
,,,,,,,,,,,,4.4  4.4 out of 5 stars        52 ratings    4.4 out of 5 stars,,,,B00SLKWHXY,,UAC,,,,,,,,,,HA 111367C,,,,,,,,,,,,,,,,,,,,,,,,,,,,,,Machined,,,,,,"#525,089 in Automotive (See Top 100 in Automotive)  #111 in Automotive Replacement Air Conditioning Discharge Hoses",,,,,,,80316SNAA01; 80316SNEA01; 4812469; 3464284;,,,,,,,,,,,,,,,,,,,"January 22, 2015",4.8 ounces,,,16.3 x 10.4 x 16.2 inches,,,,,,,,,,,,,,,,,,,,,,,,,,,,,,,,,,,,,,,,,,,,,,,,,,,,China,,,,,,,,,,,,,,,,,,,,,,,,,,,,,HA 111367C,,,,,,,,,,,,,,,,,,,,,,,,,,,,,,,,,,,,,,,,,,,,,,,HA 111367C,,,,,,,,,,,,,,,,,,,,,,,UAC HA 111367C A/C Refrigerant Discharge Hose,,,,,,,,,,,,,,,,,,,,,,,,UAC,,,,,,,,,,,,,,,,,,,,,,,,,,
,,,,,,,,,,,,"4.5  4.5 out of 5 stars        1,989 ratings    4.5 out of 5 stars",,,,B00SYIJZBU,,Fisher-Price,,,,,,,,,,CGF21,,,,,,,,,,,,,,,,,,,,,,,,,,,,,,,,,,,,"#41,387 in Toys & Games (See Top 100 in Toys & Games)  #314 in Kids' Play Trucks",,,,,,,,,,,,,,,,,,,,,,,,,,,4.3 ounces,,,2.56 x 5.31 x 6.99 inches,,,,,,,,,,,,,,Toys,,,,,,,,,,,,,,,,,,,,,,,,"August 1, 2015",,,,,,,,,,,,,,,,,,,,3 years and up,,,,,,,,,,,,,,,,,,,,,,,,,,,,,,,,,,,,,,,,,,,,,,,,,,,,,No,,,,,,,,,,,,,,,,,,,,,,,,,,,,,,,,,,,,,,,,"Fisher-Price Nickelodeon Blaze & The Monster Machines, Blaze",,,,,,,,,,,,,,,,,,,,,,,,,,,,,,,,,,,,,,,,,,,,,,,,,,
,,,,,,,,,,,,4.1  4.1 out of 5 stars        7 ratings    4.1 out of 5 stars,,,,B00T3LRIJS,,Carter,,,,,,,,,,STS-305,,,,,,,,,,,,,,,,,,,,,,,,,,,,,,,,,,,,"#1,101,411 in Automotive (See Top 100 in Automotive)  #106 in Automotive Replacement Fuel Pump Strainers",,,,,,,STS-305,,,,,,,,,,,,,,,,,,,"January 1, 2008",1.12 ounces,,,5 x 0.1 x 3 inches,,,,,,,,,,,,,,,,,,,,,,,,,,,,,,,,,,,,,,,,,,,,,,,,,,,,USA,,,,,,,,,,,,,,,,,,,,,,,,,,,,,STS-305,,,,,,,,,,,,,,,,,,,,,,,,,,,,,,,,,,,,,,,,,,,,,,,,,,,,,,,,,,,,,,,,,,,,,,Carter Fuel Systems Fuel Pump Strainer (STS-305),,,,,,,,,,,,,,,,,,,,,,,,Carter Fuel Systems,,,,,,,,,,,,,,,,,,,,,,,,,,
,,,,,,,,,,,Silver,"4.2 out of 5 stars        1,631    4.2 out of 5 stars",,,,B00TREI0A2,,,,,,,,,,,,MGKM2LL/A,,,,,,,,,,,,,,,,,,,,,,,,PowerVR,,,,,,,,,,,64 GB,#174 in Amazon Renewed (See Top 100 in Amazon Renewed)  #20 in Renewed Tablets  #38 in Renewed Computers & Accessories  #73 in Computer Tablets,,,64 GB,,,,,2048x1536,,,,,,,,,,,,,,,,,,"February 19, 2015",15.4 ounces,,,6.67 x 0.24 x 9.45 inches,,,,,,,,"Corded Electric, Battery Powered",,"802.11a/b/g/n/ac, 802.11abg, 802.11a/b/g/n, 802.11a",,,,,DDR3 SDRAM,,,,,,2,,,,,,,,,,,2048x1536 Pixels,,6.67 x 0.24 x 9.45 inches,,,iOS 8,,,,,,,,,,,,,,,,,,,,,,,,,,,,,,,,,,,,,2.4 GHz,,,,,,,,,9.7 Inches,,,1 Lithium Polymer batteries required. (included),,,,,,,,,,,8 MP,,,,,,,,,,,,,10 Hours,,,,,,,,,,,,,,,,,,,,,,,,,,,,,,,,,,,,,,,,,"Apple iPad Air 2 MGKM2LL/A (64GB, Wi-Fi, Silver) NEWEST VERSION (Renewed)",,,,,,,,,,,,,,,,1 GB,,,,,,,,Apple,,,,,,,,,iPad Air 2,,,,,,,,,,Apple,,,,,,,
,,,,,,,,,,,Multicolored,4.6 out of 5 stars        87    4.6 out of 5 stars,,,,B00WIQNBRI,,Fan Creations,,,,,,,,,,,,,,,,,,,,,,,,,,,,,,,,,,,,,,,,,Modern,,,,,"#174,129 in Sports & Outdoors (See Top 100 in Sports & Outdoors)  #48 in Sports Fan Plaques",,,,,,Cincinnati Bengals Football and My Dog Sign,,,,,,,,,,,,,,,,,,,,"June 10, 2015",0.19 Pounds,,,,,,,,,,,,,,,,,,,,,,,,,,,,,,,unisex,,,,,,6 x 12 x 0.25 inches,,,,,,,,,,,,,,,,,,,,,0.24 Kilograms,,,,,,,,,,,,,,,,,,,,,,,1,,,,,,,,,,,,,,,,,,,,,,,,,,,,,,,,,,,,,12.83 x 9.13 x 1.02 inches,,,,,Cincinnati Bengals Football and My Dog Sign,,,,,,,,,,,,,,,,,,,,,,,,,,,,,,,"Fan Creations Sign Cincinnati Bengals Football and My Dog, Multicolored",,,,,,,,,,,,,,,,,,,Plastic,N0640-CIN,,,,,,,,,,,,,,,Soccer,,,,,,,,,,,,,,Fan Creations,
,,,,,,,,,,,Black,"4.5 out of 5 stars        3,509    4.5 out of 5 stars",,,,B00X69BUSI,,iHOME,,,,,,,,,,IBT29,,,,,,,,,,,,,,Yes,,,,,,,,,,,,,,,,,Casual,,,,,"#39,197 in Electronics (See Top 100 in Electronics)  #54 in Clock Radios",,,,Semicircular,,,,,,,,,,,,,,,,,,,,,,"May 5, 2015",1 pounds,,,"13""W x 6.5""H",Digital,,,,,Automatic,,AC adapter,,,,,,,,,,,,,,,,,,,,,,,,,,,,,,,,,,,,Tabletop,Electrical,,,,,,,,,,,,,,,,,,,,,,,,,,,,1 CR2 batteries required.,,,,,1,,,,,,Acrylonitrile Butadiene Styrene,,1 CR2 batteries required.,,No,,,,,,,,,,,,,,,,,,,,,,,No,,,,,,,,,,,,,,,,,,,,,,,,Music,,,,,Bedroom,,,,,,,,,,,"iHome Alarm Clock Radio with Bluetooth Speaker and Color Changing Lamp, USB Charging, and Speakerphone for Home, Office, or Dorm (IBT29BX6)",,,,,,,,,,,,,,,,,,,Plastic,,,,,iHome,,,,,,,,"Snooze, Alarm, Adjustable Brightness",,,,,,Indoor,,,,,,,,,,,,
,,,,,,,,,,,,"4.4  4.4 out of 5 stars        4,196 ratings    4.4 out of 5 stars",,,,B00Y1PNULG,,Premier Tents,,,,,,,,,,FBA_510908,,,,,,,,,,,,,,,,,,,,,,,,,,,,,,,,,,,,"#36,485 in Patio, Lawn & Garden (See Top 100 in Patio, Lawn & Garden)  #72 in Patio Umbrella Stands & Bases",,,,,,,,,,,,,,,,,,,,,,,,,,,13 ounces,,,17.72 x 17.72 x 5.98 inches,,,,,,,,,,,,,,,,,,,,,,,,,,,,,,,,,,,,,,,,,,,,,,,,,,,,China,,,,,,,,,,,,,,,,,,,,,,,,,,,,,,,,,,,,,,,,,,,,,,,,,,,,,,,,,,,No,,,,,,,,,,,,,,,,,,,,,,,,,,,,,,,,,,,,,,,,"Gravipod 18"" Round Umbrella Base Weight Bag - Up to 85 lbs.",,,,,,,,,,,,,,,,,,,,,,,,,,,,,,,,,,,,,,,,,,,,,,,,,,
,,,,,,,,,,,,"4.2  4.2 out of 5 stars        3,825 ratings    4.2 out of 5 stars",,,,B00Y3L21WM,,Cooplay,,,,,,,,,,Cooplay-yy033_black,,,,,,,,,,,,,,,,,,,,,,,,,,,,,,,,,,,,"#31,278 in Toys & Games (See Top 100 in Toys & Games)  #46 in Pretend Phones & Smartphones",,,,,,,,,,,,,,,,,,,,,,,,,,,2.08 ounces,,,6.2 x 3.9 x 0.6 inches,,,,,,,,,,,,,,,,,,,,,,,,,,,,,,,,,,,,,,,,,,,,,,,,,,,,China,,,,,,36 months - 3 years,,,,,,,,,,,,,,,,,,,,,,,,,,,,1 Lithium Ion batteries required.,,,,,,,,,,,,,,,,,,,,,,,,,No,,,,,,,,,,,,,,,,,,,,,,,,,,,,,,,,,,,,,,,,Learning Smart Phone Toy Black Music Lullaby Song Touch Screen USB Recharable Cell Phone Mobile Yphone for Toddler Baby,,,,,,,,,,,,,,,,,,,,,,,,,,,,,,,,,,,,,,,,,,,,,,,,,,
,,,,,,,,,,,,"4.8 out of 5 stars        3,428    4.8 out of 5 stars",,,,B011MIVMSC,,Hasbro,,,,,,,,,,B5020AS0,,,,,,,,,,,,,,,,,,,,,,,,,,,,,,,,,,,,"#51,490 in Toys & Games (See Top 100 in Toys & Games)  #2,499 in Action Figures",,,,,,,,,,,,,,,,,,,,,,,,,,,0.064 ounces,,,2.13 x 11.73 x 7.76 inches,,,,,,,,,,,,,,,,,,,,,,,,,,,,,,,,,,,,,,"July 13, 2015",,,,,,,,,,,,,,China,,,,,,36 months - 7 years,,,,,,,,,,,,,,,,,,,,,,,,,,,,,,,,,,,,,,,,,,,,,,,,,,,,,No,,,,,,,,,,,,,,,,,,English,,,,,,,,,,,,,,,,,,,,,,Marvel Playskool Heroes Super Hero Adventures Captain America Super Jungle Squad Toy Action Figure,,,,,,,,,,,,,,,,,,,,,,,,,,,,,,,,,,,,,,,,,,,,,,,,,,
,,,,,,,,,,,Stainless Steel,"4.4  4.4 out of 5 stars        29,978 ratings    4.4 out of 5 stars",,,,B0131RG6VK,,Google,,,,,,,,,,T3007ES,,,,,Air Conditioner,,Stainless Steel,,,No,,,,,,,,,,,ENERGY STAR Certified and UL Listed,,,,,,,,,,Thermostat Only,,,Heating,,"#1,205 in Tools & Home Improvement (See Top 100 in Tools & Home Improvement)  #3 in Home Programmable Thermostats",,,,Round,,Nest Learning Thermostat,,,,,,,,,,,,,,,,,,,,"September 1, 2015",1 pounds,,,"3.3""D x 3.3""W x 1.1""H",Digital,,,,,,,Battery Powered,1,,,,,,,,,,,,,,,,,,,,,,,,1,,,,,,,,,,,,,,,,,,,,,,,,,,,,LED,,,,,,,,,,,,1 CR2 batteries required. (included),,,,,,,,,,,,,1 CR2 batteries required. (included),24 Volts,,,,7,Yes,,,,,,,,,,,,,,,,,,,No,,,,,Voice,,,"Bluetooth, Wi-Fi","Display, Base, Optional trim kit, Mounting screws and labels, Nest screwdriver, Installation Guide, Welcome Guide, Nest Pro installation card",,,,,,,,,,,"Wireless: Working Wi-Fi connection: 802.11b/g/n @ 2.4GHz, 5GHz, Wireless interconnect: 802.15.4 @ 2.4GHz, Bluetooth Low Energy (BLE)",,,,,,,,,,,2,,,,,,,,,Google Nest Learning Thermostat - Programmable Smart Thermostat for Home - 3rd Generation Nest Thermostat - Works with Alexa - Stainless Steel,,,,,,,,,,Stainless Steel,,,2.08 Inches,,,,,"Google Assistant, Amazon Alexa, nest",Metal,T3007ES,,,Wi-Fi,Nest,"remote control,app control,voice control",,,,,,,"Wireless: Working Wi-Fi connection: 802.11b/g/n @ 2.4GHz, 5GHz, Wireless interconnect: 802.15.4 @ 2.4GHz, Bluetooth Low Energy (BLE)",,,,,Lithium Ion,,,,,Yes,,,,,,,,
,,,,,,,,,,,,,,,,,,,,,,,,,,,,,,,,,,,,,,,,,,,,,,,,,,,,,,,,,,,,,,,,,,,,,,,,,,,,,,,,,,,,,,,,,,,,,,,,,,,,,,,,,,,,,,,,,,,,,,,,,,,,,,,,,,,,,,,,,,,,,,,,,,,,,,,,,,,,,,,,,,,,,,,,,,,,,,,,,,,,,,,,,,,,,,,,,,,,,,,,,,,,,,,,,,,,,,,,,,,,,,,,,,,,,,,,,,,,,,,,,,,,,YIANNA Latex Waist Trainer Corsets Zipper Underbust Sport Girdle Hourglass Body Shaper for Women,,,,,,,,,,,,,,,,,,,,,,,,,,,,,,,,,,,,,,,,,,,,,,,,,,
,,,,,,,,,,,,4.7  4.7 out of 5 stars        434 ratings    4.7 out of 5 stars,,,,B015FY4WC2,,HP,,,,,,,,,,CF404A,,,,,,,,,,,,,,,,,,,,,,,,,,,,,,,,,,,,"#71,716 in Office Products (See Top 100 in Office Products)  #7 in Computer Printer Trays",,,,,,,,,,,,,,,,,,,,,,,,,,"September 13, 2015",2 Pounds,,,16.02 x 17.59 x 6.08 inches,,,,,,,,,,,,,,,,,,,,,,,,,,,,,,,,,,,,,,,,,,,,,,,,,,,,Vietnam,,,,,,,,,,,,,,,,,,,,"3.95 x 5.83, 8.5 in x 14",,,,,,,,,,,,,,,,,,,,,,,,,,,,,,,,,,,,,,,No,,,,,,,,,,,,,,,,,,,,,,,,,,,,,,,,,,,,,,,,HP LaserJet 550-sheet Feeder Tray (CF404A) White,,,,,,,,,,,,,,,,,,,,,,,,,,,,,,,,,,,,,,,,,,,,,,1200,,,,
,,,,,,,,,,,Black,"4.5  4.5 out of 5 stars        2,173 ratings    4.5 out of 5 stars",,,,B0163TTCL4,,Dell Computers,,,,,,,,,,G6J41,,,,,,,,,,,,,,,,,,,,,,,,,,,,,,,,,,,,#468 in Computers & Accessories (See Top 100 in Computers & Accessories)  #167 in Laptop Chargers & Adapters,,,,,,,,,,,,,,,,,,,,,,,,,,"October 3, 2015",12 ounces,,,5.8 x 5 x 1.2 inches,,,,,,,,Corded Electric,,,,,,,,,,,,,,,,,,,,,,,,,,5.8 x 5 x 1.2 inches,,,,,,,,,,,,,,,,,,,,,,,,,,,,,,,,,,,,,,,,,,,,,,,,,,,,,,,,,,,,,,,,,,,,,,,,,,,,,No,,,,,,,,,,,,,,,,,,,,,,,,,,,,,,,,,,,,,,,,Dell 65 Watt AC Adapter for Dell,,,,,,,,,,,,,,,,,,,,,,,,Dell,,,,,,,,,,,,,,,,,,,,,,,,,,
,,,,,,,,Car,,,Team Color,4.7 out of 5 stars        129    4.7 out of 5 stars,,,,B016NZK776,,"Rico Industries, Inc.",,,,,,,,,,,,,,,,,,,,,,,,,,,,,,,,,,,,,,,,,Laser Inlaid Metal License Plate Tag,,,,,"#404,606 in Sports & Outdoors (See Top 100 in Sports & Outdoors)  #297 in Sports Fan License Plate Covers",,,,,,,,,,,,,,,,,,,,,,,,,,"October 14, 2015",2.08 ounces,,,"6""L x 11.5""W",,,,,,,,,,,,,,,,,,,,,,,,,,,,unisex-adult,,,,,"6 x 12-""",,,,,,,,,,,,,,,,,,,,,,0.27 Kilograms,,,,,,,,,,,,,,,,,,,,,,,,,,,,,,,,,,,,,,,,,,,,,,,,,,,,,,,,,,,,11.85 x 6.34 x 0.31 inches,,,,,,,,,,,,,,,,,,,,,,,,,,,,,,,,,,,,NCAA Laser Cut License Plate,,,,,,,,,,Metal,,,,,,,,,,LZC130102,,,,Rico Industries,,,,,,,,,,,,,,,,,,,,,,,,,Rico Industries,
,,,,,,,,,,,,,,,,,,,,,,,,,,,,,,,,,,,,,,,,,,,,,,,,,,,,,,,,,,,,,,,,,,,,,,,,,,,,,,,,,,,,,,,,,,,,,,,,,,,,,,,,,,,,,,,,,,,,,,,,,,,,,,,,,,,,,,,,,,,,,,,,,,,,,,,,,,,,,,,,,,,,,,,,,,,,,,,,,,,,,,,,,,,,,,,,,,,,,,,,,,,,,,,,,,,,,,,,,,,,,,,,,,,,,,,,,,,,,,,,,,,,,"Anne Klein Women's Premium Crystal Accented Bangle Watch Set, AK/2245",,,,,,,,,,,,,,,,,,,,,,,,,,,,,,,,,,,,,,,,,,,,,,,,,,
,,,8 MB,,,,,,108 Millimeters,,Red,"4.1 out of 5 stars        3,045    4.1 out of 5 stars",3456 Degrees,,1,B0195XJAZI,16 MP,,6 x,,,,,,,Built-In,"Artificial Intelligence AE, Face Detection",,,,Digital,Contrast Detection,,8 MB,,,,Yes,,,No,,,,2 x AA,,,,,,,,85 Degrees Celsius,Compact,,,,,,,,,,"#31,914 in Electronics (See Top 100 in Electronics)  #209 in Digital Point & Shoot Cameras",,,,,,Kodak PIXPRO FZ43,,,4:3,0.5 Millimeters,Automatic,,,,4 seconds,,Built-In Microphone,,Linear PCM (Mono),,,85 Degrees Celsius,,"Auto, Daylight, Cloudy, Flash torch",,,0.26 Pounds,,,,LCD,,Yes,,,,,,,,,10 seconds,,,,,Automatic,,,,,,1/2.3-inch,"wide,telephoto",,Secure Digital Card,,,,,,,,,,No,,,,,,CCD,NTSC,,,,,,,NiMH,,,,FZ43-RD,,,,,,,,2 Grams,Auto Focus,,,,Amateur,,720p,fixed LCD,,,2 A batteries required. (included),,,,27 Millimeters,1,,AV Port,,,,,,,,Yes,,16,,,,4 x,,"Auto, Forced On, Off, Red-Eye Reduction, Slow Sync, Slow Sync/Red-Eye Reduction",,"Basic, Fine, Normal",,,,,,,,0.3 Millimeters,,,,,,,,,,,,,,Camera^AA Battery (2)^USB Cable^Wrist Strap^Quick Start Guide^Warranty Card^Service Card,Optical zoom and Digital zoom,,,,,,,,,,,,,,,MPEG 4,,,,,,,Fixed,,,,,,,,"Kodak PIXPRO Friendly Zoom FZ43-RD 16MP Digital Camera with 4X Optical Zoom and 2.7"" LCD Screen (Red)",,1.05 x 3.67 x 2.37 inches,,,,4 seconds,,No,,,HD 720p,,2.7 Inches,,,,,,,,,30 fps,"AV / USB Multi, USB Micro-B (USB 2.0)",Kodak,,Micro SD,,,,,,"Shockproof, Temperature Extremes, Waterproof, X-Ray Proof",,,,Four third,,,JPEG,,,,,,,,"Auto, 80 to 1600",Unisex,,zoom
,,,,,,,,,,,Red,"4.8 out of 5 stars        22,015    4.8 out of 5 stars",,,,B01ACUA8HC,,Folksy Super Kitchen,,,,,,,,,,FI2028red,,,,,,,,,,,,,,,,,,,,,,,,,,,,,,,,,,,,#610 in Kitchen & Dining (See Top 100 in Kitchen & Dining)  #4 in Baking Mats,,,,Rectangular,,,,,,,,,,,,,,,,,,,,,,"May 27, 2016",12 ounces,,,"28""L x 20""W",,,,,,,,,,,,,,,,,,,,,,,,,,,,,,,,,20×28,,,,,,,,,,,,,,,,,,,,,,,,,,,,,,,,,,,,,,,,,,,,,,No,,,,,,,,,,,,,,,,,,,,,,,,,,,,,,,,No,,,,,,,,,,,,,,,,,,,,,,,,,,,,,,,,,,,,,,,,"Non-slip Pastry Mat Extra Large with Measurements 28''By 20'' for Silicone Baking/ Counter Mat, Dough Rolling Mat,Oven Liner,Fondant/Pie Crust Mat By Folksy Super Kitchen Red",,,,,,,,,,,,,,,,,,,Silicone,,,,,Folksy Super Kitchen,,,,,,,,,,,,,,,,,,,,,,,,,,
,,,,,,,,,,2,01 - White (No Comforter),"4.4  4.4 out of 5 stars        93,034 ratings    4.4 out of 5 stars",,,,B01B87TMOS,,Nestl Bedding,,,,,,,,,,B01B87TMOS,"Machine Wash, Tumble Dry Low",,,,,,,,,,,,,,,110,,,,,,,,,,,,,"All, Winter, Summer, Spring",,Modern,,,,,#240 in Home & Kitchen (See Top 100 in Home & Kitchen)  #2 in Bedding Duvet Cover Sets,,,,,,,,,,,,,,,,,,,,,,,,,,"January 29, 2016",3.12 pounds,,,10 x 11 x 4 inches,,,,,,,,,,,,,,,,,,,,,,,,,,,,,,,1.0 Count,,"Queen (90"" x 90"")",,,,,,,,,,,,,,,,,,,China,,,,,,,,,,,,,,,,,,,,,,,,,,,,,,Tie,,,,,,,,,,,,,,,,,,,,,,,,,,,,,No,,,,,,,,,"2 Pillow Shams 20""x26"", Comforter not included, 1 Duvet Cover 90""x90""",,,,,,,,,,Solid,,,,,Casual,,,,,,,,,,,,,,,"Mother’s Day, Wedding, New Year’s, Birthday, Father’s Day","Nestl White Duvet Cover Queen Size - Soft Double Brushed Queen Duvet Cover Set, 3 Piece, with Button Closure, 1 Duvet Cover 90x90 inches and 2 Pillow Shams",,10 x 11 x 4 inches,,,,,,,All Ages,,,,,,,,,,Microfiber,,,,,Nestl,,,90 x 1 x 90 x 1 inches,,,,,"Wrinkle Free, Lightweight, Fade Resistant, Ultra Soft, Breathable",,,,,,,,,,,,,,,,,,
,,,,,,,,,,,,"4.5  4.5 out of 5 stars        6,934 ratings    4.5 out of 5 stars",,,,B01BV4E68U,,Kootek,,,,,,,,,,KC028,,,,,,,,,,,,,,,,,,,,,,,,,,,,,,,,,,,,"#4,011 in Kitchen & Dining (See Top 100 in Kitchen & Dining)  #7 in Icing & Piping Tips",,,,,,,,,,,,,,,,,,,,,,,,,,"February 17, 2016",8.8 ounces,,,3 x 12.8 x 18 inches,,,,,,,,,,,,,,,,,,,,,,,,,,,,,,,,,,,,,,,,,,,,,,,,,,,,,,,,,,,,,,,,,,,,,,,,,,,,,,,,,,,,,,,,,,,,,,,,,,,,,,,,,,,,,,,No,,,,,,,,,,,,,,,,,,,,,,,,,,,,,,,,,,,,,,,,"Kootek 32-Piece Piping Bags and Tips Set with 24 Icing Piping Tips, 2 Reusable Pastry Bags 12 Inch, Reusable Piping Icing Bags and Tips, Cake Decorating Kit for Frosting Cookie, Cupcake",,,,,,,,,,,,,,,,,,,,,,,,,,,,,,,,,,,,,,,,,,,,,,,,,,
